,Education,Self_Employed,ApplicantIncome,CoapplicantIncome,LoanAmount,Loan_Amount_Term,Credit_History,Property_Area,Loan_Status,Issuance type,Flickr URL,Shelfmarks
1,Graduate,No,4583,1508.0,128.0,360.0,1.0,Rural,N,monographic,http://www.flickr.com/photos/britishlibrary/tags/sysnum000000216,British Library HMNTS 12626.cc.2.
2,Graduate,Yes,3000,0.0,66.0,360.0,1.0,Urban,Y,monographic,http://www.flickr.com/photos/britishlibrary/tags/sysnum000000218,British Library HMNTS 12625.dd.1.
3,Not Graduate,No,2583,2358.0,120.0,360.0,1.0,Urban,Y,monographic,http://www.flickr.com/photos/britishlibrary/tags/sysnum000000472,British Library HMNTS 10369.bbb.15.
4,Graduate,No,6000,0.0,141.0,360.0,1.0,Urban,Y,monographic,http://www.flickr.com/photos/britishlibrary/tags/sysnum000000480,British Library HMNTS 9007.d.28.
5,Graduate,Yes,5417,4196.0,267.0,360.0,1.0,Urban,Y,monographic,http://www.flickr.com/photos/britishlibrary/tags/sysnum000000481,British Library HMNTS 9006.ee.10.
6,Not Graduate,No,2333,1516.0,95.0,360.0,1.0,Urban,Y,monographic,http://www.flickr.com/photos/britishlibrary/tags/sysnum000000519,British Library HMNTS 12637.e.3.
7,Graduate,No,3036,2504.0,158.0,360.0,0.0,Semiurban,N,monographic,http://www.flickr.com/photos/britishlibrary/tags/sysnum000000667,British Library HMNTS 011652.g.73.
8,Graduate,No,4006,1526.0,168.0,360.0,1.0,Urban,Y,monographic,http://www.flickr.com/photos/britishlibrary/tags/sysnum000000874,British Library HMNTS 11645.bb.42.
9,Graduate,No,12841,10968.0,349.0,360.0,1.0,Semiurban,N,monographic,http://www.flickr.com/photos/britishlibrary/tags/sysnum000001143,British Library HMNTS 11602.ee.10.(2.)
10,Graduate,No,3200,700.0,70.0,360.0,1.0,Urban,Y,monographic,http://www.flickr.com/photos/britishlibrary/tags/sysnum000001280,British Library HMNTS 1430.g.17.
12,Graduate,No,3073,8106.0,200.0,360.0,1.0,Urban,Y,monographic,http://www.flickr.com/photos/britishlibrary/tags/sysnum000001905,British Library HMNTS 10136.g.22.
13,Graduate,No,1853,2840.0,114.0,360.0,1.0,Rural,N,monographic,http://www.flickr.com/photos/britishlibrary/tags/sysnum000001929,British Library HMNTS 10002.g.16-19.
14,Graduate,No,1299,1086.0,17.0,120.0,1.0,Urban,Y,monographic,http://www.flickr.com/photos/britishlibrary/tags/sysnum000002836,British Library HMNTS 10136.h.24.
15,Graduate,No,4950,0.0,125.0,360.0,1.0,Urban,Y,monographic,http://www.flickr.com/photos/britishlibrary/tags/sysnum000002854,British Library HMNTS 12623.bbb.12.
17,Graduate,No,3510,0.0,76.0,360.0,0.0,Urban,N,monographic,http://www.flickr.com/photos/britishlibrary/tags/sysnum000002957,British Library HMNTS 10095.i.13.
18,Not Graduate,No,4887,0.0,133.0,360.0,1.0,Rural,N,monographic,http://www.flickr.com/photos/britishlibrary/tags/sysnum000003017,British Library HMNTS 10480.h.18.
20,Not Graduate,No,7660,0.0,104.0,360.0,0.0,Urban,N,monographic,http://www.flickr.com/photos/britishlibrary/tags/sysnum000004598,British Library HMNTS 11641.f.1.
21,Graduate,No,5955,5625.0,315.0,360.0,1.0,Urban,Y,monographic,http://www.flickr.com/photos/britishlibrary/tags/sysnum000004884,British Library HMNTS 994.l.1.(7.)
22,Not Graduate,No,2600,1911.0,116.0,360.0,0.0,Semiurban,N,monographic,http://www.flickr.com/photos/britishlibrary/tags/sysnum000004976,British Library HMNTS 983.e.6.|British Library HMNTS 148.d.4.|British Library HMNTS G.15137.
25,Graduate,Yes,9560,0.0,191.0,360.0,1.0,Semiurban,Y,monographic,http://www.flickr.com/photos/britishlibrary/tags/sysnum000005389,British Library HMNTS 9039.i.11.
26,Graduate,No,2799,2253.0,122.0,360.0,1.0,Semiurban,Y,monographic,http://www.flickr.com/photos/britishlibrary/tags/sysnum000005432,British Library HMNTS 11779.g.8.(10.)
27,Not Graduate,No,4226,1040.0,110.0,360.0,1.0,Urban,Y,monographic,http://www.flickr.com/photos/britishlibrary/tags/sysnum000006036,British Library HMNTS 642.i.25.|British Library HMNTS 164.g.68.
28,Not Graduate,No,1442,0.0,35.0,360.0,1.0,Urban,N,monographic,http://www.flickr.com/photos/britishlibrary/tags/sysnum000006821,British Library HMNTS 797.d.2.
31,Graduate,No,3167,0.0,74.0,360.0,1.0,Urban,N,monographic,http://www.flickr.com/photos/britishlibrary/tags/sysnum000008239,British Library HMNTS 10470.ff.20.
32,Graduate,Yes,4692,0.0,106.0,360.0,1.0,Rural,N,monographic,http://www.flickr.com/photos/britishlibrary/tags/sysnum000008435,British Library HMNTS 7106.b.46.
33,Graduate,No,3500,1667.0,114.0,360.0,1.0,Semiurban,Y,monographic,http://www.flickr.com/photos/britishlibrary/tags/sysnum000008440,British Library HMNTS 07108.g.6.
34,Graduate,No,12500,3000.0,320.0,360.0,1.0,Rural,N,monographic,http://www.flickr.com/photos/britishlibrary/tags/sysnum000011361,British Library HMNTS 10201.g.13.
37,Graduate,No,3667,1459.0,144.0,360.0,1.0,Semiurban,Y,monographic,http://www.flickr.com/photos/britishlibrary/tags/sysnum000013364,British Library HMNTS 10358.g.35.(4.)|British Library HMNTS 10352.d.32.
38,Graduate,No,4166,7210.0,184.0,360.0,1.0,Urban,Y,monographic,http://www.flickr.com/photos/britishlibrary/tags/sysnum000014466,British Library HMNTS 10352.i.24.
39,Not Graduate,No,3748,1668.0,110.0,360.0,1.0,Semiurban,Y,monographic,http://www.flickr.com/photos/britishlibrary/tags/sysnum000014703,British Library HMNTS 1254.h.9.
40,Graduate,No,3600,0.0,80.0,360.0,1.0,Urban,N,monographic,http://www.flickr.com/photos/britishlibrary/tags/sysnum000015141,British Library HMNTS 010096.e.61.
41,Graduate,No,1800,1213.0,47.0,360.0,1.0,Urban,Y,monographic,http://www.flickr.com/photos/britishlibrary/tags/sysnum000015146,British Library HMNTS 11781.gg.4.
43,Graduate,No,3941,2336.0,134.0,360.0,1.0,Semiurban,Y,monographic,http://www.flickr.com/photos/britishlibrary/tags/sysnum000016543,British Library HMNTS 983.e.7.|British Library HMNTS 147.e.3.|British Library HMNTS G.2842.
46,Graduate,No,5649,0.0,44.0,360.0,1.0,Urban,Y,monographic,http://www.flickr.com/photos/britishlibrary/tags/sysnum000017752,British Library HMNTS 9425.bb.13.
47,Graduate,No,5821,0.0,144.0,360.0,1.0,Urban,Y,monographic,http://www.flickr.com/photos/britishlibrary/tags/sysnum000018173,British Library HMNTS 12269.d.7.
48,Graduate,No,2645,3440.0,120.0,360.0,0.0,Urban,N,monographic,http://www.flickr.com/photos/britishlibrary/tags/sysnum000018218,British Library HMNTS 11603.f.1.
49,Graduate,No,4000,2275.0,144.0,360.0,1.0,Semiurban,Y,monographic,http://www.flickr.com/photos/britishlibrary/tags/sysnum000018347,British Library HMNTS 12270.pp.15.
50,Not Graduate,No,1928,1644.0,100.0,360.0,1.0,Semiurban,Y,monographic,http://www.flickr.com/photos/britishlibrary/tags/sysnum000018469,British Library HMNTS 11647.f.44.(2.)
51,Graduate,No,3086,0.0,120.0,360.0,1.0,Semiurban,Y,monographic,http://www.flickr.com/photos/britishlibrary/tags/sysnum000019340,British Library HMNTS 10291.e.1.
52,Graduate,No,4230,0.0,112.0,360.0,1.0,Semiurban,N,monographic,http://www.flickr.com/photos/britishlibrary/tags/sysnum000020207,British Library HMNTS 9475.bbb.21.
53,Graduate,No,4616,0.0,134.0,360.0,1.0,Urban,N,monographic,http://www.flickr.com/photos/britishlibrary/tags/sysnum000020960,British Library HMNTS 12620.d.7.
54,Graduate,Yes,11500,0.0,286.0,360.0,0.0,Urban,N,monographic,http://www.flickr.com/photos/britishlibrary/tags/sysnum000021119,British Library HMNTS 11650.g.9.
55,Graduate,No,2708,1167.0,97.0,360.0,1.0,Semiurban,Y,monographic,http://www.flickr.com/photos/britishlibrary/tags/sysnum000021430,British Library HMNTS 11632.d.48.(2.)|British Library HMNTS 992.k.27.(3.)|British Library HMNTS 1508/379.(2.)
56,Graduate,No,2132,1591.0,96.0,360.0,1.0,Semiurban,Y,monographic,http://www.flickr.com/photos/britishlibrary/tags/sysnum000021782,British Library HMNTS 11642.g.19.
57,Graduate,No,3366,2200.0,135.0,360.0,1.0,Rural,N,monographic,http://www.flickr.com/photos/britishlibrary/tags/sysnum000022060,British Library HMNTS 10169.k.5.
58,Graduate,No,8080,2250.0,180.0,360.0,1.0,Urban,Y,monographic,http://www.flickr.com/photos/britishlibrary/tags/sysnum000022105,British Library HMNTS 644.k.24.(5.)|British Library HMNTS 11641.h.11.(7.)
59,Not Graduate,No,3357,2859.0,144.0,360.0,1.0,Urban,Y,monographic,http://www.flickr.com/photos/britishlibrary/tags/sysnum000022278,British Library HMNTS 10196.f.21.
60,Graduate,No,2500,3796.0,120.0,360.0,1.0,Urban,Y,monographic,http://www.flickr.com/photos/britishlibrary/tags/sysnum000023565,British Library HMNTS 11652.c.8.
61,Graduate,No,3029,0.0,99.0,360.0,1.0,Urban,Y,monographic,http://www.flickr.com/photos/britishlibrary/tags/sysnum000024344,British Library HMNTS 10006.d.7.(1.)
62,Not Graduate,Yes,2609,3449.0,165.0,180.0,0.0,Rural,N,monographic,http://www.flickr.com/photos/britishlibrary/tags/sysnum000024878,British Library HMNTS 10095.e.1.
64,Graduate,No,4166,0.0,116.0,360.0,0.0,Semiurban,N,monographic,http://www.flickr.com/photos/britishlibrary/tags/sysnum000028615,British Library HMNTS 10281.e.6.
65,Graduate,No,5726,4595.0,258.0,360.0,1.0,Semiurban,N,monographic,http://www.flickr.com/photos/britishlibrary/tags/sysnum000028630,British Library HMNTS 10280.ee.3.
66,Not Graduate,No,3200,2254.0,126.0,180.0,0.0,Urban,N,monographic,http://www.flickr.com/photos/britishlibrary/tags/sysnum000028758,British Library HMNTS 7108.aa.5.
67,Graduate,No,10750,0.0,312.0,360.0,1.0,Urban,Y,monographic,http://www.flickr.com/photos/britishlibrary/tags/sysnum000028784,British Library HMNTS 10481.g.14.
68,Not Graduate,Yes,7100,0.0,125.0,60.0,1.0,Urban,Y,monographic,http://www.flickr.com/photos/britishlibrary/tags/sysnum000028873,British Library HMNTS 12626.e.16.
69,Graduate,No,4300,0.0,136.0,360.0,0.0,Semiurban,N,monographic,http://www.flickr.com/photos/britishlibrary/tags/sysnum000028876,British Library HMNTS 12619.h.27.
70,Graduate,No,3208,3066.0,172.0,360.0,1.0,Urban,Y,monographic,http://www.flickr.com/photos/britishlibrary/tags/sysnum000029031,British Library HMNTS 992.l.33.
71,Not Graduate,Yes,1875,1875.0,97.0,360.0,1.0,Semiurban,Y,monographic,http://www.flickr.com/photos/britishlibrary/tags/sysnum000029032,British Library HMNTS 11642.g.36.
72,Graduate,No,3500,0.0,81.0,300.0,1.0,Semiurban,Y,monographic,http://www.flickr.com/photos/britishlibrary/tags/sysnum000029285,British Library HMNTS 12636.dd.5.
74,Graduate,Yes,5266,1774.0,187.0,360.0,1.0,Semiurban,Y,monographic,http://www.flickr.com/photos/britishlibrary/tags/sysnum000029844,British Library HMNTS 11602.h.35.
75,Graduate,No,3750,0.0,113.0,480.0,1.0,Urban,N,monographic,http://www.flickr.com/photos/britishlibrary/tags/sysnum000030269,British Library HMNTS 10058.k.4.
76,Graduate,No,3750,4750.0,176.0,360.0,1.0,Urban,N,monographic,http://www.flickr.com/photos/britishlibrary/tags/sysnum000031858,British Library HMNTS 993.i.1.
77,Graduate,Yes,1000,3022.0,110.0,360.0,1.0,Urban,N,monographic,http://www.flickr.com/photos/britishlibrary/tags/sysnum000032896,British Library HMNTS 9431.bb.16.
78,Graduate,No,3167,4000.0,180.0,300.0,0.0,Semiurban,N,monographic,http://www.flickr.com/photos/britishlibrary/tags/sysnum000033745,British Library HMNTS 994.h.2.|British Library HMNTS G.12828.; G.12829.
80,Graduate,No,3846,0.0,111.0,360.0,1.0,Semiurban,Y,monographic,http://www.flickr.com/photos/britishlibrary/tags/sysnum000033881,British Library HMNTS 11622.c.1.
82,Graduate,No,1378,1881.0,167.0,360.0,1.0,Urban,N,monographic,http://www.flickr.com/photos/britishlibrary/tags/sysnum000034463,British Library HMNTS 12627.n.1.
84,Graduate,No,3988,0.0,50.0,240.0,1.0,Urban,Y,monographic,http://www.flickr.com/photos/britishlibrary/tags/sysnum000034785,British Library HMNTS 10003.d.14.
85,Graduate,No,2366,2531.0,136.0,360.0,1.0,Semiurban,Y,monographic,http://www.flickr.com/photos/britishlibrary/tags/sysnum000034793,British Library HMNTS 10027.h.8.
87,Graduate,No,2500,2118.0,104.0,360.0,1.0,Semiurban,Y,monographic,http://www.flickr.com/photos/britishlibrary/tags/sysnum000034826,British Library HMNTS 12634.g.1.
88,Graduate,No,8566,0.0,210.0,360.0,1.0,Urban,Y,monographic,http://www.flickr.com/photos/britishlibrary/tags/sysnum000034852,British Library HMNTS 12620.ee.28.
89,Graduate,No,5695,4167.0,175.0,360.0,1.0,Semiurban,Y,monographic,http://www.flickr.com/photos/britishlibrary/tags/sysnum000034914,British Library HMNTS 12620.d.8.
90,Graduate,No,2958,2900.0,131.0,360.0,1.0,Semiurban,Y,monographic,http://www.flickr.com/photos/britishlibrary/tags/sysnum000034952,British Library HMNTS 12621.h.18.
91,Graduate,No,6250,5654.0,188.0,180.0,1.0,Semiurban,Y,monographic,http://www.flickr.com/photos/britishlibrary/tags/sysnum000034967,British Library HMNTS 12620.e.8.
92,Not Graduate,No,3273,1820.0,81.0,360.0,1.0,Urban,Y,monographic,http://www.flickr.com/photos/britishlibrary/tags/sysnum000034987,British Library HMNTS 12602.g.5.
93,Graduate,No,4133,0.0,122.0,360.0,1.0,Semiurban,Y,monographic,http://www.flickr.com/photos/britishlibrary/tags/sysnum000036171,British Library HMNTS 10173.f.7.
94,Not Graduate,No,3620,0.0,25.0,120.0,1.0,Semiurban,Y,monographic,http://www.flickr.com/photos/britishlibrary/tags/sysnum000036231,British Library HMNTS 11646.g.51.(21.)
96,Graduate,No,2484,2302.0,137.0,360.0,1.0,Semiurban,Y,monographic,http://www.flickr.com/photos/britishlibrary/tags/sysnum000036531,British Library HMNTS 11602.f.2.(6.)
97,Graduate,No,1977,997.0,50.0,360.0,1.0,Semiurban,Y,monographic,http://www.flickr.com/photos/britishlibrary/tags/sysnum000036721,British Library HMNTS 012625.f.44.
98,Not Graduate,No,4188,0.0,115.0,180.0,1.0,Semiurban,Y,monographic,http://www.flickr.com/photos/britishlibrary/tags/sysnum000038673,British Library HMNTS 10127.df.27.
99,Graduate,No,1759,3541.0,131.0,360.0,1.0,Semiurban,Y,monographic,http://www.flickr.com/photos/britishlibrary/tags/sysnum000038986,British Library HMNTS 790.d.17.
100,Not Graduate,No,4288,3263.0,133.0,180.0,1.0,Urban,Y,monographic,http://www.flickr.com/photos/britishlibrary/tags/sysnum000039670,British Library HMNTS 11779.c.23.
101,Graduate,No,4843,3806.0,151.0,360.0,1.0,Semiurban,Y,monographic,http://www.flickr.com/photos/britishlibrary/tags/sysnum000039775,British Library HMNTS 11602.ee.17.(1.)
105,Graduate,No,3052,1030.0,100.0,360.0,1.0,Urban,Y,monographic,http://www.flickr.com/photos/britishlibrary/tags/sysnum000040976,British Library HMNTS 010136.f.78.
106,Graduate,No,11417,1126.0,225.0,360.0,1.0,Urban,Y,monographic,http://www.flickr.com/photos/britishlibrary/tags/sysnum000041050,British Library HMNTS 10491.ee.11.
108,Graduate,No,3800,3600.0,216.0,360.0,0.0,Urban,N,monographic,http://www.flickr.com/photos/britishlibrary/tags/sysnum000041097,British Library HMNTS 9455.bb.35.
109,Not Graduate,No,2071,754.0,94.0,480.0,1.0,Semiurban,Y,monographic,http://www.flickr.com/photos/britishlibrary/tags/sysnum000041601,British Library HMNTS 642.i.5.(1.)
110,Graduate,No,5316,0.0,136.0,360.0,1.0,Urban,Y,monographic,http://www.flickr.com/photos/britishlibrary/tags/sysnum000041623,British Library HMNTS 11602.gg.29.(11.)
115,Graduate,No,14583,0.0,185.0,180.0,1.0,Rural,Y,monographic,http://www.flickr.com/photos/britishlibrary/tags/sysnum000043252,British Library HMNTS 994.i.1.|British Library HMNTS RF.2004.a.50
116,Graduate,No,3167,2283.0,154.0,360.0,1.0,Semiurban,Y,monographic,http://www.flickr.com/photos/britishlibrary/tags/sysnum000045172,British Library HMNTS 9602.ee.2.
118,Graduate,No,5568,2142.0,175.0,360.0,1.0,Rural,N,monographic,http://www.flickr.com/photos/britishlibrary/tags/sysnum000048378,British Library HMNTS 1047.k.11.
119,Graduate,No,10408,0.0,259.0,360.0,1.0,Urban,Y,monographic,http://www.flickr.com/photos/britishlibrary/tags/sysnum000048384,British Library HMNTS 1048.c.12.|British Library OC T 15504
121,Graduate,No,4166,0.0,44.0,360.0,1.0,Semiurban,Y,monographic,http://www.flickr.com/photos/britishlibrary/tags/sysnum000048989,British Library HMNTS 9509.cc.3.
122,Graduate,No,2137,8980.0,137.0,360.0,0.0,Semiurban,Y,monographic,http://www.flickr.com/photos/britishlibrary/tags/sysnum000049023,British Library HMNTS 12620.h.1.
123,Graduate,No,2957,0.0,81.0,360.0,1.0,Semiurban,Y,monographic,http://www.flickr.com/photos/britishlibrary/tags/sysnum000049724,British Library HMNTS 010409.h.10.
124,Not Graduate,No,4300,2014.0,194.0,360.0,1.0,Rural,Y,monographic,http://www.flickr.com/photos/britishlibrary/tags/sysnum000051061,British Library HMNTS 10095.g.30.
128,Graduate,Yes,10513,3850.0,160.0,180.0,0.0,Urban,N,monographic,http://www.flickr.com/photos/britishlibrary/tags/sysnum000052264,British Library HMNTS 010095.i.4.
131,Graduate,No,2014,1929.0,74.0,360.0,1.0,Urban,Y,monographic,http://www.flickr.com/photos/britishlibrary/tags/sysnum000052347,British Library HMNTS 11611.k.8.(3.)
132,Graduate,No,2718,0.0,70.0,360.0,1.0,Semiurban,Y,monographic,http://www.flickr.com/photos/britishlibrary/tags/sysnum000052370,British Library HMNTS 1310.c.1.|British Library HMNTS 1310.c.2.|British Library HMNTS 1310.c.3.
133,Graduate,Yes,3459,0.0,25.0,120.0,1.0,Semiurban,Y,monographic,http://www.flickr.com/photos/britishlibrary/tags/sysnum000052372,British Library HMNTS 1310.d.14.|British Library HMNTS 1311.h.3.
134,Graduate,No,4895,0.0,102.0,360.0,1.0,Semiurban,Y,monographic,http://www.flickr.com/photos/britishlibrary/tags/sysnum000052772,British Library HMNTS 12641.aa.25.
135,Graduate,No,4000,7750.0,290.0,360.0,1.0,Semiurban,N,monographic,http://www.flickr.com/photos/britishlibrary/tags/sysnum000052859,British Library HMNTS 11643.bbb.16.(1.)
136,Graduate,No,4583,0.0,84.0,360.0,1.0,Rural,N,monographic,http://www.flickr.com/photos/britishlibrary/tags/sysnum000053231,British Library HMNTS 10271.i.3.
137,Graduate,Yes,3316,3500.0,88.0,360.0,1.0,Urban,Y,monographic,http://www.flickr.com/photos/britishlibrary/tags/sysnum000053348,British Library HMNTS 9602.ee.6.
138,Graduate,No,14999,0.0,242.0,360.0,0.0,Semiurban,N,monographic,http://www.flickr.com/photos/britishlibrary/tags/sysnum000053627,British Library HMNTS 9615.dd.4.
139,Not Graduate,No,4200,1430.0,129.0,360.0,1.0,Rural,N,monographic,http://www.flickr.com/photos/britishlibrary/tags/sysnum000053628,British Library HMNTS 9615.ee.12.|British Library OC RL 204
140,Graduate,No,5042,2083.0,185.0,360.0,1.0,Rural,N,monographic,http://www.flickr.com/photos/britishlibrary/tags/sysnum000054811,British Library HMNTS 9424.cc.2.
141,Graduate,No,5417,0.0,168.0,360.0,1.0,Urban,Y,monographic,http://www.flickr.com/photos/britishlibrary/tags/sysnum000054815,British Library HMNTS 9425.c.27.
142,Graduate,Yes,6950,0.0,175.0,180.0,1.0,Semiurban,Y,monographic,http://www.flickr.com/photos/britishlibrary/tags/sysnum000054819,British Library HMNTS 9435.g.33.
143,Graduate,No,2698,2034.0,122.0,360.0,1.0,Semiurban,Y,monographic,http://www.flickr.com/photos/britishlibrary/tags/sysnum000054820,British Library HMNTS 9425.c.2.
144,Graduate,No,11757,0.0,187.0,180.0,1.0,Urban,Y,monographic,http://www.flickr.com/photos/britishlibrary/tags/sysnum000054828,British Library HMNTS 9424.b.15.
145,Graduate,No,2330,4486.0,100.0,360.0,1.0,Semiurban,Y,monographic,http://www.flickr.com/photos/britishlibrary/tags/sysnum000055031,British Library HMNTS 012633.k.19.
146,Graduate,No,14866,0.0,70.0,360.0,1.0,Urban,Y,monographic,http://www.flickr.com/photos/britishlibrary/tags/sysnum000056580,British Library HMNTS 1447.d.6.|British Library HMNTS 1447.d.7.
147,Graduate,No,1538,1425.0,30.0,360.0,1.0,Urban,Y,monographic,http://www.flickr.com/photos/britishlibrary/tags/sysnum000056757,British Library HMNTS 10107.bbb.28.
148,Graduate,No,10000,1666.0,225.0,360.0,1.0,Rural,N,monographic,http://www.flickr.com/photos/britishlibrary/tags/sysnum000056969,British Library HMNTS 10360.s.22.|British Library HMNTS 10353.d.14.
149,Graduate,No,4860,830.0,125.0,360.0,1.0,Semiurban,Y,monographic,http://www.flickr.com/photos/britishlibrary/tags/sysnum000056981,British Library HMNTS 10055.df.23.|British Library HMNTS 10055.df.25.
150,Graduate,No,6277,0.0,118.0,360.0,0.0,Rural,N,monographic,http://www.flickr.com/photos/britishlibrary/tags/sysnum000057124,British Library HMNTS 010095.e.46.
151,Graduate,Yes,2577,3750.0,152.0,360.0,1.0,Rural,Y,monographic,http://www.flickr.com/photos/britishlibrary/tags/sysnum000058178,British Library HMNTS 9508.cc.2.
152,Graduate,No,9166,0.0,244.0,360.0,1.0,Urban,N,monographic,http://www.flickr.com/photos/britishlibrary/tags/sysnum000060280,British Library HMNTS 9772.ee.4.
153,Not Graduate,No,2281,0.0,113.0,360.0,1.0,Rural,N,monographic,http://www.flickr.com/photos/britishlibrary/tags/sysnum000060798,British Library HMNTS 9435.d.33.(1.)
154,Graduate,No,3254,0.0,50.0,360.0,1.0,Urban,Y,monographic,http://www.flickr.com/photos/britishlibrary/tags/sysnum000061361,British Library HMNTS 010171.k.1.
155,Graduate,No,39999,0.0,600.0,180.0,0.0,Semiurban,Y,monographic,http://www.flickr.com/photos/britishlibrary/tags/sysnum000062084,British Library HMNTS 1049.h.10.
157,Graduate,No,9538,0.0,187.0,360.0,1.0,Urban,Y,monographic,http://www.flickr.com/photos/britishlibrary/tags/sysnum000062129,British Library HMNTS 10170.f.1.
159,Graduate,No,4583,5625.0,255.0,360.0,1.0,Semiurban,Y,monographic,http://www.flickr.com/photos/britishlibrary/tags/sysnum000064513,British Library HMNTS 9771.dd.14.
160,Not Graduate,No,1863,1041.0,98.0,360.0,1.0,Semiurban,Y,monographic,http://www.flickr.com/photos/britishlibrary/tags/sysnum000064601,British Library HMNTS 9771.cc.13.
161,Graduate,No,7933,0.0,275.0,360.0,1.0,Urban,N,monographic,http://www.flickr.com/photos/britishlibrary/tags/sysnum000064634,British Library HMNTS 9771.d.21.
162,Graduate,No,3089,1280.0,121.0,360.0,0.0,Semiurban,N,monographic,http://www.flickr.com/photos/britishlibrary/tags/sysnum000064701,British Library HMNTS 10095.e.28.
163,Graduate,No,4167,1447.0,158.0,360.0,1.0,Rural,Y,monographic,http://www.flickr.com/photos/britishlibrary/tags/sysnum000064829,British Library HMNTS 10481.g.15.
164,Graduate,No,9323,0.0,75.0,180.0,1.0,Urban,Y,monographic,http://www.flickr.com/photos/britishlibrary/tags/sysnum000065026,British Library HMNTS 9414.bbb.25.
166,Graduate,No,4583,0.0,112.0,360.0,1.0,Rural,N,monographic,http://www.flickr.com/photos/britishlibrary/tags/sysnum000066840,British Library HMNTS 9230.h.15.
167,Graduate,No,2439,3333.0,129.0,360.0,1.0,Rural,Y,monographic,http://www.flickr.com/photos/britishlibrary/tags/sysnum000067034,British Library HMNTS 1440.g.14-16.
168,Graduate,No,2237,0.0,63.0,480.0,0.0,Semiurban,N,monographic,http://www.flickr.com/photos/britishlibrary/tags/sysnum000067200,British Library HMNTS 11641.h.1.
169,Graduate,No,8000,0.0,200.0,360.0,1.0,Semiurban,Y,monographic,http://www.flickr.com/photos/britishlibrary/tags/sysnum000067519,British Library HMNTS 9225.l.7.
172,Not Graduate,No,3522,0.0,81.0,180.0,1.0,Rural,N,monographic,http://www.flickr.com/photos/britishlibrary/tags/sysnum000069151,British Library HMNTS 10470.d.1.
173,Graduate,No,5708,5625.0,187.0,360.0,1.0,Semiurban,Y,monographic,http://www.flickr.com/photos/britishlibrary/tags/sysnum000069299,British Library HMNTS 1429.c.10.
174,Not Graduate,Yes,4344,736.0,87.0,360.0,1.0,Semiurban,N,monographic,http://www.flickr.com/photos/britishlibrary/tags/sysnum000069302,British Library HMNTS 1049.l.20.
175,Graduate,No,3497,1964.0,116.0,360.0,1.0,Rural,Y,monographic,http://www.flickr.com/photos/britishlibrary/tags/sysnum000069314,British Library HMNTS 10408.e.3.
176,Graduate,No,2045,1619.0,101.0,360.0,1.0,Rural,Y,monographic,http://www.flickr.com/photos/britishlibrary/tags/sysnum000069331,British Library HMNTS 1426.k.5.
177,Graduate,No,5516,11300.0,495.0,360.0,0.0,Semiurban,N,monographic,http://www.flickr.com/photos/britishlibrary/tags/sysnum000069339,British Library HMNTS 1049.h.18.
178,Graduate,No,3750,0.0,116.0,360.0,1.0,Semiurban,Y,monographic,http://www.flickr.com/photos/britishlibrary/tags/sysnum000069359,British Library HMNTS 10132.d.7.
179,Not Graduate,No,2333,1451.0,102.0,480.0,0.0,Urban,N,monographic,http://www.flickr.com/photos/britishlibrary/tags/sysnum000069387,British Library HMNTS 1466.d.11.
180,Graduate,No,6400,7250.0,180.0,360.0,0.0,Urban,N,monographic,http://www.flickr.com/photos/britishlibrary/tags/sysnum000069390,British Library HMNTS 10132.k.1.
182,Graduate,No,4600,0.0,73.0,180.0,1.0,Semiurban,Y,monographic,http://www.flickr.com/photos/britishlibrary/tags/sysnum000069813,British Library HMNTS 10410.dd.2.
183,Graduate,No,33846,0.0,260.0,360.0,1.0,Semiurban,N,monographic,http://www.flickr.com/photos/britishlibrary/tags/sysnum000069864,British Library HMNTS 792.g.27.
184,Graduate,No,3625,0.0,108.0,360.0,1.0,Semiurban,Y,monographic,http://www.flickr.com/photos/britishlibrary/tags/sysnum000070023,British Library HMNTS 11781.gg.3.
185,Graduate,Yes,39147,4750.0,120.0,360.0,1.0,Semiurban,Y,monographic,http://www.flickr.com/photos/britishlibrary/tags/sysnum000070719,British Library HMNTS 1077.k.37.
186,Graduate,Yes,2178,0.0,66.0,300.0,0.0,Rural,N,monographic,http://www.flickr.com/photos/britishlibrary/tags/sysnum000070845,British Library HMNTS 10126.cc.3.|British Library HMNTS 10125.de.4.
189,Graduate,No,9328,0.0,188.0,180.0,1.0,Rural,Y,monographic,http://www.flickr.com/photos/britishlibrary/tags/sysnum000070881,British Library HMNTS 10271.bb.5.
190,Not Graduate,No,4885,0.0,48.0,360.0,1.0,Rural,Y,monographic,http://www.flickr.com/photos/britishlibrary/tags/sysnum000070882,British Library HMNTS 10270.b.29.
191,Graduate,No,12000,0.0,164.0,360.0,1.0,Semiurban,N,monographic,http://www.flickr.com/photos/britishlibrary/tags/sysnum000070912,British Library HMNTS 10024.ccc.13.
192,Not Graduate,No,6033,0.0,160.0,360.0,1.0,Urban,N,monographic,http://www.flickr.com/photos/britishlibrary/tags/sysnum000071005,British Library HMNTS 10151.e.2.
193,Graduate,No,3858,0.0,76.0,360.0,1.0,Semiurban,Y,monographic,http://www.flickr.com/photos/britishlibrary/tags/sysnum000074411,British Library HMNTS 9781.c.4.
194,Graduate,No,4191,0.0,120.0,360.0,1.0,Rural,Y,monographic,http://www.flickr.com/photos/britishlibrary/tags/sysnum000074635,British Library HMNTS 012630.h.20.
195,Graduate,No,3125,2583.0,170.0,360.0,1.0,Semiurban,N,monographic,http://www.flickr.com/photos/britishlibrary/tags/sysnum000074645,British Library HMNTS 644.k.16.(7.)|British Library HMNTS 11630.d.12.(1.)|British Library HMNTS 11630.e.16.(20.)|British Library HMNTS 1465.i.6.(3.)
196,Graduate,No,8333,3750.0,187.0,360.0,1.0,Rural,Y,monographic,http://www.flickr.com/photos/britishlibrary/tags/sysnum000074647,British Library HMNTS 992.h.11.(5.)
199,Graduate,Yes,11000,0.0,83.0,360.0,1.0,Urban,N,monographic,http://www.flickr.com/photos/britishlibrary/tags/sysnum000075692,British Library HMNTS 643.h.2.(12.)
200,Not Graduate,No,2600,2500.0,90.0,360.0,1.0,Semiurban,Y,monographic,http://www.flickr.com/photos/britishlibrary/tags/sysnum000075704,British Library HMNTS 1162.h.33.|British Library HMNTS 1077.l.3.(6.)|British Library HMNTS 162.l.48.
201,Graduate,No,4923,0.0,166.0,360.0,0.0,Semiurban,Y,monographic,http://www.flickr.com/photos/britishlibrary/tags/sysnum000076338,British Library HMNTS 9772.s.3.
203,Not Graduate,No,3500,1083.0,135.0,360.0,1.0,Urban,Y,monographic,http://www.flickr.com/photos/britishlibrary/tags/sysnum000077405,British Library HMNTS 11651.l.12.
204,Not Graduate,No,3917,0.0,124.0,360.0,1.0,Semiurban,Y,monographic,http://www.flickr.com/photos/britishlibrary/tags/sysnum000077482,British Library HMNTS 1426.c.6.
205,Not Graduate,No,4408,0.0,120.0,360.0,1.0,Semiurban,Y,monographic,http://www.flickr.com/photos/britishlibrary/tags/sysnum000077495,British Library HMNTS 10280.c.19.
206,Graduate,No,3244,0.0,80.0,360.0,1.0,Urban,Y,monographic,http://www.flickr.com/photos/britishlibrary/tags/sysnum000077554,British Library HMNTS 10250.c.16.
207,Not Graduate,No,3975,2531.0,55.0,360.0,1.0,Rural,Y,monographic,http://www.flickr.com/photos/britishlibrary/tags/sysnum000078142,British Library HMNTS 012632.h.54.
208,Graduate,No,2479,0.0,59.0,360.0,1.0,Urban,Y,monographic,http://www.flickr.com/photos/britishlibrary/tags/sysnum000078735,British Library HMNTS 11648.f.7.
209,Graduate,No,3418,0.0,127.0,360.0,1.0,Semiurban,N,monographic,http://www.flickr.com/photos/britishlibrary/tags/sysnum000078740,British Library HMNTS 10369.ccc.8.
210,Graduate,No,10000,0.0,214.0,360.0,1.0,Semiurban,N,monographic,http://www.flickr.com/photos/britishlibrary/tags/sysnum000079249,British Library HMNTS 010057.i.29.
211,Graduate,No,3430,1250.0,128.0,360.0,0.0,Semiurban,N,monographic,http://www.flickr.com/photos/britishlibrary/tags/sysnum000080465,British Library HMNTS 11651.m.41.
212,Graduate,Yes,7787,0.0,240.0,360.0,1.0,Urban,Y,monographic,http://www.flickr.com/photos/britishlibrary/tags/sysnum000080911,British Library HMNTS 10095.cc.24.
213,Not Graduate,Yes,5703,0.0,130.0,360.0,1.0,Rural,Y,monographic,http://www.flickr.com/photos/britishlibrary/tags/sysnum000081414,British Library HMNTS 012628.i.15.
214,Graduate,No,3173,3021.0,137.0,360.0,1.0,Urban,Y,monographic,http://www.flickr.com/photos/britishlibrary/tags/sysnum000081458,British Library HMNTS 010368.ff.8.
215,Not Graduate,No,3850,983.0,100.0,360.0,1.0,Semiurban,Y,monographic,http://www.flickr.com/photos/britishlibrary/tags/sysnum000082105,British Library HMNTS 10348.e.15.(1.)
216,Graduate,No,150,1800.0,135.0,360.0,1.0,Rural,N,monographic,http://www.flickr.com/photos/britishlibrary/tags/sysnum000084631,British Library HMNTS 9603.ee.12.
217,Graduate,No,3727,1775.0,131.0,360.0,1.0,Semiurban,Y,monographic,http://www.flickr.com/photos/britishlibrary/tags/sysnum000085672,British Library HMNTS 9406.i.4.
220,Graduate,No,2221,0.0,60.0,360.0,0.0,Urban,N,monographic,http://www.flickr.com/photos/britishlibrary/tags/sysnum000088350,British Library HMNTS 09225.h.3.
221,Graduate,No,4009,1717.0,116.0,360.0,1.0,Semiurban,Y,monographic,http://www.flickr.com/photos/britishlibrary/tags/sysnum000089469,British Library HMNTS 11779.g.11.
222,Graduate,No,2971,2791.0,144.0,360.0,1.0,Semiurban,Y,monographic,http://www.flickr.com/photos/britishlibrary/tags/sysnum000089796,British Library HMNTS 10077.i.11.
224,Graduate,No,6250,0.0,128.0,360.0,1.0,Semiurban,Y,monographic,http://www.flickr.com/photos/britishlibrary/tags/sysnum000090417,British Library HMNTS 12626.i.3.
225,Graduate,No,3250,0.0,170.0,360.0,1.0,Rural,N,monographic,http://www.flickr.com/photos/britishlibrary/tags/sysnum000090432,British Library HMNTS 12631.n.1.
227,Graduate,No,6250,1695.0,210.0,360.0,1.0,Semiurban,Y,monographic,http://www.flickr.com/photos/britishlibrary/tags/sysnum000091083,British Library HMNTS 10058.l.13.|British Library HMNTS 215.d.1-3.|British Library HMNTS G.2276-8.|British Library HMNTS 455.f.12-14.|British Library OC W 3011
229,Graduate,Yes,6400,0.0,200.0,360.0,1.0,Rural,Y,monographic,http://www.flickr.com/photos/britishlibrary/tags/sysnum000091396,British Library HMNTS 10131.g.31.
230,Graduate,No,2491,2054.0,104.0,360.0,1.0,Semiurban,Y,monographic,http://www.flickr.com/photos/britishlibrary/tags/sysnum000092162,British Library HMNTS 10136.g.11.
233,Graduate,No,8333,0.0,280.0,360.0,1.0,Semiurban,Y,monographic,http://www.flickr.com/photos/britishlibrary/tags/sysnum000093014,British Library HMNTS 010358.g.30.
234,Graduate,No,3155,1779.0,140.0,360.0,1.0,Semiurban,Y,monographic,http://www.flickr.com/photos/britishlibrary/tags/sysnum000093061,British Library HMNTS 994.i.3.|British Library HMNTS 10362.df.43.
235,Graduate,No,5500,1260.0,170.0,360.0,1.0,Rural,Y,monographic,http://www.flickr.com/photos/britishlibrary/tags/sysnum000093082,British Library HMNTS 012626.l.60.|British Library OC T 41349
238,Graduate,No,3812,0.0,112.0,360.0,1.0,Rural,Y,monographic,http://www.flickr.com/photos/britishlibrary/tags/sysnum000094393,British Library HMNTS 11641.g.1.
239,Graduate,No,3315,0.0,96.0,360.0,1.0,Semiurban,Y,monographic,http://www.flickr.com/photos/britishlibrary/tags/sysnum000094484,British Library HMNTS 012639.m.19.
240,Graduate,No,5819,5000.0,120.0,360.0,1.0,Rural,Y,monographic,http://www.flickr.com/photos/britishlibrary/tags/sysnum000094545,British Library HMNTS 1304.h.1.
241,Not Graduate,No,2510,1983.0,140.0,180.0,1.0,Urban,N,monographic,http://www.flickr.com/photos/britishlibrary/tags/sysnum000094892,British Library HMNTS 796.g.28.
242,Graduate,No,2965,5701.0,155.0,60.0,1.0,Urban,Y,monographic,http://www.flickr.com/photos/britishlibrary/tags/sysnum000094906,British Library HMNTS 11642.f.40.(2.)
243,Graduate,Yes,6250,1300.0,108.0,360.0,1.0,Rural,Y,monographic,http://www.flickr.com/photos/britishlibrary/tags/sysnum000095781,British Library HMNTS 010077.g.16.
244,Not Graduate,No,3406,4417.0,123.0,360.0,1.0,Semiurban,Y,monographic,http://www.flickr.com/photos/britishlibrary/tags/sysnum000096025,British Library HMNTS 12630.b.1.
245,Graduate,Yes,6050,4333.0,120.0,180.0,1.0,Urban,N,monographic,http://www.flickr.com/photos/britishlibrary/tags/sysnum000098625,British Library HMNTS 643.e.16.(4.)|British Library HMNTS 11779.c.88.(13.)|British Library HMNTS 161.d.49.
246,Graduate,No,9703,0.0,112.0,360.0,1.0,Urban,Y,monographic,http://www.flickr.com/photos/britishlibrary/tags/sysnum000099576,British Library HMNTS 643.f.2.(4.)
247,Not Graduate,No,6608,0.0,137.0,180.0,1.0,Urban,Y,monographic,http://www.flickr.com/photos/britishlibrary/tags/sysnum000099578,British Library HMNTS 11642.bb.58.
248,Graduate,No,2882,1843.0,123.0,480.0,1.0,Semiurban,Y,monographic,http://www.flickr.com/photos/britishlibrary/tags/sysnum000099583,British Library HMNTS 12621.g.10.|British Library HMNTS C.140.e.30.(3.)
249,Graduate,No,1809,1868.0,90.0,360.0,1.0,Urban,Y,monographic,http://www.flickr.com/photos/britishlibrary/tags/sysnum000099710,British Library HMNTS 643.e.14.(4.)|British Library HMNTS 161.d.50.
250,Not Graduate,No,1668,3890.0,201.0,360.0,0.0,Semiurban,N,monographic,http://www.flickr.com/photos/britishlibrary/tags/sysnum000099961,British Library HMNTS 994.k.41.
251,Graduate,No,3427,0.0,138.0,360.0,1.0,Urban,N,monographic,http://www.flickr.com/photos/britishlibrary/tags/sysnum000100453,British Library HMNTS 10409.e.25.
252,Not Graduate,Yes,2583,2167.0,104.0,360.0,1.0,Rural,Y,monographic,http://www.flickr.com/photos/britishlibrary/tags/sysnum000100850,British Library HMNTS 12620.h.28.
253,Not Graduate,No,2661,7101.0,279.0,180.0,1.0,Semiurban,Y,monographic,http://www.flickr.com/photos/britishlibrary/tags/sysnum000101009,British Library HMNTS 643.e.6.(11.)|British Library HMNTS 161.d.51.
254,Graduate,Yes,16250,0.0,192.0,360.0,0.0,Urban,N,monographic,http://www.flickr.com/photos/britishlibrary/tags/sysnum000101363,British Library HMNTS 11643.n.2.
255,Graduate,No,3083,0.0,255.0,360.0,1.0,Rural,Y,monographic,http://www.flickr.com/photos/britishlibrary/tags/sysnum000101366,British Library HMNTS 11645.g.19.
256,Not Graduate,No,6045,0.0,115.0,360.0,0.0,Rural,N,monographic,http://www.flickr.com/photos/britishlibrary/tags/sysnum000103149,British Library HMNTS 10077.bbb.21.
257,Graduate,No,5250,0.0,94.0,360.0,1.0,Urban,N,monographic,http://www.flickr.com/photos/britishlibrary/tags/sysnum000103877,British Library HMNTS 12269.cc.12.|British Library HMNTS 12268.e.1.
258,Graduate,No,14683,2100.0,304.0,360.0,1.0,Rural,N,monographic,http://www.flickr.com/photos/britishlibrary/tags/sysnum000104150,British Library HMNTS 9210.d.7.
261,Graduate,No,2060,2209.0,134.0,360.0,1.0,Semiurban,Y,monographic,http://www.flickr.com/photos/britishlibrary/tags/sysnum000106158,British Library HMNTS 10136.f.21.
262,Graduate,No,3481,0.0,155.0,36.0,1.0,Semiurban,N,monographic,http://www.flickr.com/photos/britishlibrary/tags/sysnum000106294,British Library HMNTS 10460.e.12.
263,Graduate,No,7200,0.0,120.0,360.0,1.0,Rural,Y,monographic,http://www.flickr.com/photos/britishlibrary/tags/sysnum000106624,British Library HMNTS 11770.g.8.
264,Graduate,Yes,5166,0.0,128.0,360.0,1.0,Semiurban,Y,monographic,http://www.flickr.com/photos/britishlibrary/tags/sysnum000106918,British Library HMNTS 10097.df.2.
265,Graduate,No,4095,3447.0,151.0,360.0,1.0,Rural,Y,monographic,http://www.flickr.com/photos/britishlibrary/tags/sysnum000107010,British Library HMNTS 9305.dd.23.
266,Graduate,No,4708,1387.0,150.0,360.0,1.0,Semiurban,Y,monographic,http://www.flickr.com/photos/britishlibrary/tags/sysnum000107307,British Library HMNTS 9415.k.2.
267,Graduate,No,4333,1811.0,160.0,360.0,0.0,Urban,Y,monographic,http://www.flickr.com/photos/britishlibrary/tags/sysnum000107921,British Library HMNTS 11779.f.8.
269,Graduate,No,2876,1560.0,90.0,360.0,1.0,Urban,Y,monographic,http://www.flickr.com/photos/britishlibrary/tags/sysnum000108063,British Library HMNTS 9210.dd.2.
270,Graduate,No,3237,0.0,30.0,360.0,1.0,Urban,Y,monographic,http://www.flickr.com/photos/britishlibrary/tags/sysnum000109420,British Library HMNTS 10281.f.10.
271,Graduate,No,11146,0.0,136.0,360.0,1.0,Urban,Y,monographic,http://www.flickr.com/photos/britishlibrary/tags/sysnum000109429,British Library HMNTS 643.f.24.(4.)
272,Graduate,No,2833,1857.0,126.0,360.0,1.0,Rural,Y,monographic,http://www.flickr.com/photos/britishlibrary/tags/sysnum000109445,British Library HMNTS 9226.h.21.
273,Graduate,No,2620,2223.0,150.0,360.0,1.0,Semiurban,Y,monographic,http://www.flickr.com/photos/britishlibrary/tags/sysnum000109932,British Library HMNTS 10160.ff.11.
274,Graduate,No,3900,0.0,90.0,360.0,1.0,Semiurban,Y,monographic,http://www.flickr.com/photos/britishlibrary/tags/sysnum000110749,British Library HMNTS 010168.g.4.
275,Graduate,No,2750,1842.0,115.0,360.0,1.0,Semiurban,Y,monographic,http://www.flickr.com/photos/britishlibrary/tags/sysnum000111406,British Library HMNTS 643.d.83.|British Library HMNTS 163.h.24.
276,Graduate,No,3993,3274.0,207.0,360.0,1.0,Semiurban,Y,monographic,http://www.flickr.com/photos/britishlibrary/tags/sysnum000111455,British Library HMNTS 644.k.17.(1.)|British Library HMNTS 11630.e.1.(2.)|British Library HMNTS 74.f.9.
277,Graduate,No,3103,1300.0,80.0,360.0,1.0,Urban,Y,monographic,http://www.flickr.com/photos/britishlibrary/tags/sysnum000111669,British Library HMNTS 520.l.5.
278,Graduate,No,14583,0.0,436.0,360.0,1.0,Semiurban,Y,monographic,http://www.flickr.com/photos/britishlibrary/tags/sysnum000111869,British Library HMNTS 527.i.10.
280,Not Graduate,Yes,4053,2426.0,158.0,360.0,0.0,Urban,N,monographic,http://www.flickr.com/photos/britishlibrary/tags/sysnum000112593,British Library HMNTS 520.e.19.
281,Graduate,No,3927,800.0,112.0,360.0,1.0,Semiurban,Y,monographic,http://www.flickr.com/photos/britishlibrary/tags/sysnum000115066,British Library HMNTS 012639.l.10.
282,Graduate,No,2301,985.7999878,78.0,180.0,1.0,Urban,Y,monographic,http://www.flickr.com/photos/britishlibrary/tags/sysnum000116525,British Library HMNTS 12627.b.9.
283,Graduate,No,1811,1666.0,54.0,360.0,1.0,Urban,Y,monographic,http://www.flickr.com/photos/britishlibrary/tags/sysnum000117698,British Library HMNTS 10174.d.7.
285,Graduate,No,3158,3053.0,89.0,360.0,1.0,Rural,Y,monographic,http://www.flickr.com/photos/britishlibrary/tags/sysnum000119124,British Library HMNTS 010057.g.3.
286,Graduate,Yes,2600,1717.0,99.0,300.0,1.0,Semiurban,N,monographic,http://www.flickr.com/photos/britishlibrary/tags/sysnum000119421,British Library HMNTS 11652.bbb.20.
287,Graduate,No,3704,2000.0,120.0,360.0,1.0,Rural,Y,monographic,http://www.flickr.com/photos/britishlibrary/tags/sysnum000119498,British Library HMNTS 12624.f.10.|British Library HMNTS C.140.b.33.
288,Graduate,No,4124,0.0,115.0,360.0,1.0,Semiurban,Y,monographic,http://www.flickr.com/photos/britishlibrary/tags/sysnum000119514,British Library HMNTS 12635.cc.1.
289,Graduate,No,9508,0.0,187.0,360.0,1.0,Rural,Y,monographic,http://www.flickr.com/photos/britishlibrary/tags/sysnum000119572,British Library HMNTS 10095.f.1.
290,Graduate,No,3075,2416.0,139.0,360.0,1.0,Rural,Y,monographic,http://www.flickr.com/photos/britishlibrary/tags/sysnum000119589,British Library HMNTS 12624.a.7.
291,Graduate,No,4400,0.0,127.0,360.0,0.0,Semiurban,N,monographic,http://www.flickr.com/photos/britishlibrary/tags/sysnum000119831,British Library HMNTS 11612.f.5.
292,Graduate,No,3153,1560.0,134.0,360.0,1.0,Urban,Y,monographic,http://www.flickr.com/photos/britishlibrary/tags/sysnum000120150,British Library HMNTS 1307.g.10.|British Library HMNTS 1307.g.11.
294,Graduate,No,2383,3334.0,172.0,360.0,1.0,Semiurban,Y,monographic,http://www.flickr.com/photos/britishlibrary/tags/sysnum000122224,British Library HMNTS 1309.e.3.(2.)
296,Graduate,No,6875,0.0,200.0,360.0,1.0,Semiurban,Y,monographic,http://www.flickr.com/photos/britishlibrary/tags/sysnum000122226,British Library HMNTS 9026.ff.18.
297,Graduate,No,4666,0.0,135.0,360.0,1.0,Urban,Y,monographic,http://www.flickr.com/photos/britishlibrary/tags/sysnum000122277,British Library HMNTS 10126.d.7.
298,Graduate,No,5000,2541.0,151.0,480.0,1.0,Rural,N,monographic,http://www.flickr.com/photos/britishlibrary/tags/sysnum000122281,British Library HMNTS 10126.d.5.
299,Graduate,No,2014,2925.0,113.0,360.0,1.0,Urban,N,monographic,http://www.flickr.com/photos/britishlibrary/tags/sysnum000122459,British Library HMNTS 10136.h.8.
300,Not Graduate,No,1800,2934.0,93.0,360.0,0.0,Urban,N,monographic,http://www.flickr.com/photos/britishlibrary/tags/sysnum000122610,British Library HMNTS 10497.e.51.(1.)
302,Graduate,No,5000,0.0,132.0,360.0,1.0,Rural,Y,monographic,http://www.flickr.com/photos/britishlibrary/tags/sysnum000123451,British Library HMNTS 11630.c.5.(9.)|British Library HMNTS 11642.h.43.(4.)|British Library HMNTS 840.l.2.(1.)|British Library HMNTS 1485.ff.8.
303,Graduate,No,1625,1803.0,96.0,360.0,1.0,Urban,Y,monographic,http://www.flickr.com/photos/britishlibrary/tags/sysnum000123464,British Library HMNTS 1077.h.60.(1.)|British Library HMNTS C.116.b.2.(4.)
304,Graduate,No,4000,2500.0,140.0,360.0,1.0,Rural,Y,monographic,http://www.flickr.com/photos/britishlibrary/tags/sysnum000124015,British Library HMNTS 12637.aaa.18.
306,Graduate,No,3762,1666.0,135.0,360.0,1.0,Rural,Y,monographic,http://www.flickr.com/photos/britishlibrary/tags/sysnum000124034,British Library HMNTS 12623.ee.24.
307,Graduate,No,2400,1863.0,104.0,360.0,0.0,Urban,N,monographic,http://www.flickr.com/photos/britishlibrary/tags/sysnum000124229,British Library HMNTS 11781.e.52.
308,Graduate,No,20233,0.0,480.0,360.0,1.0,Rural,N,monographic,http://www.flickr.com/photos/britishlibrary/tags/sysnum000124490,British Library HMNTS 10358.cc.33.
310,Graduate,No,2917,0.0,84.0,360.0,1.0,Semiurban,Y,monographic,http://www.flickr.com/photos/britishlibrary/tags/sysnum000124885,British Library HMNTS 011650.k.89.(3.)
311,Not Graduate,No,2927,2405.0,111.0,360.0,1.0,Semiurban,Y,monographic,http://www.flickr.com/photos/britishlibrary/tags/sysnum000124931,British Library HMNTS 12631.bb.13.
312,Graduate,No,2507,0.0,56.0,360.0,1.0,Rural,Y,monographic,http://www.flickr.com/photos/britishlibrary/tags/sysnum000126091,British Library HMNTS 11645.h.14.
315,Not Graduate,No,3399,1640.0,111.0,180.0,1.0,Urban,Y,monographic,http://www.flickr.com/photos/britishlibrary/tags/sysnum000127777,British Library HMNTS 10368.s.1.
316,Graduate,No,3717,0.0,120.0,360.0,1.0,Semiurban,Y,monographic,http://www.flickr.com/photos/britishlibrary/tags/sysnum000128110,British Library HMNTS 12634.e.2.
319,Graduate,Yes,10000,0.0,155.0,360.0,1.0,Rural,N,monographic,http://www.flickr.com/photos/britishlibrary/tags/sysnum000130655,British Library HMNTS 10004.d.7.
320,Graduate,No,2400,2167.0,115.0,360.0,1.0,Semiurban,Y,monographic,http://www.flickr.com/photos/britishlibrary/tags/sysnum000130656,British Library HMNTS 1426.d.18.
321,Graduate,No,4342,189.0,124.0,360.0,1.0,Semiurban,Y,monographic,http://www.flickr.com/photos/britishlibrary/tags/sysnum000131442,British Library HMNTS 993.h.2.|British Library HMNTS 11642.ee.13.
324,Graduate,No,15000,0.0,300.0,360.0,1.0,Rural,Y,monographic,http://www.flickr.com/photos/britishlibrary/tags/sysnum000131924,British Library HMNTS 11602.f.20.(4.)
325,Graduate,Yes,8666,4983.0,376.0,360.0,0.0,Rural,N,monographic,http://www.flickr.com/photos/britishlibrary/tags/sysnum000132377,British Library HMNTS 720.g.17.
326,Graduate,No,4917,0.0,130.0,360.0,0.0,Rural,Y,monographic,http://www.flickr.com/photos/britishlibrary/tags/sysnum000132719,British Library HMNTS 9603.cc.22.
327,Graduate,Yes,5818,2160.0,184.0,360.0,1.0,Semiurban,Y,monographic,http://www.flickr.com/photos/britishlibrary/tags/sysnum000132894,British Library HMNTS 12629.k.5.
328,Graduate,No,4333,2451.0,110.0,360.0,1.0,Urban,N,monographic,http://www.flickr.com/photos/britishlibrary/tags/sysnum000133253,British Library HMNTS 642.h.28.(3.)|British Library HMNTS 161.c.4.
329,Graduate,No,2500,0.0,67.0,360.0,1.0,Urban,Y,monographic,http://www.flickr.com/photos/britishlibrary/tags/sysnum000133408,British Library HMNTS 10460.f.33.
330,Graduate,No,4384,1793.0,117.0,360.0,1.0,Urban,Y,monographic,http://www.flickr.com/photos/britishlibrary/tags/sysnum000133409,British Library HMNTS 10460.d.25.
331,Graduate,No,2935,0.0,98.0,360.0,1.0,Semiurban,Y,monographic,http://www.flickr.com/photos/britishlibrary/tags/sysnum000133732,British Library HMNTS C.108.f.5.(2.)|British Library HMNTS 1346.k.13.(3.)|British Library HMNTS 11602.h.13.(4.)|British Library HMNTS C.108.g.21.(3.)
337,Graduate,Yes,2500,4600.0,176.0,360.0,1.0,Rural,Y,monographic,http://www.flickr.com/photos/britishlibrary/tags/sysnum000134862,British Library HMNTS 11781.f.56.
339,Graduate,No,4160,0.0,71.0,360.0,1.0,Semiurban,Y,monographic,http://www.flickr.com/photos/britishlibrary/tags/sysnum000136478,British Library HMNTS 10352.b.14.
340,Not Graduate,No,2647,1587.0,173.0,360.0,1.0,Rural,N,monographic,http://www.flickr.com/photos/britishlibrary/tags/sysnum000137423,British Library HMNTS 10412.e.24.
341,Graduate,No,2378,0.0,46.0,360.0,1.0,Rural,N,monographic,http://www.flickr.com/photos/britishlibrary/tags/sysnum000137729,British Library HMNTS 10460.ee.30.
342,Not Graduate,No,4554,1229.0,158.0,360.0,1.0,Urban,Y,monographic,http://www.flickr.com/photos/britishlibrary/tags/sysnum000138105,British Library HMNTS 10172.i.19.
343,Not Graduate,No,3173,0.0,74.0,360.0,1.0,Semiurban,Y,monographic,http://www.flickr.com/photos/britishlibrary/tags/sysnum000138625,British Library HMNTS 10171.h.6.
345,Graduate,No,2499,2458.0,160.0,360.0,1.0,Semiurban,Y,monographic,http://www.flickr.com/photos/britishlibrary/tags/sysnum000139716,British Library HMNTS 9226.g.13.
347,Not Graduate,No,3083,2168.0,126.0,360.0,1.0,Urban,Y,monographic,http://www.flickr.com/photos/britishlibrary/tags/sysnum000140848,British Library HMNTS 10170.l.4.
349,Graduate,No,2625,6250.0,187.0,360.0,1.0,Rural,Y,monographic,http://www.flickr.com/photos/britishlibrary/tags/sysnum000141476,British Library HMNTS 1060.g.20.
350,Graduate,No,9083,0.0,228.0,360.0,1.0,Semiurban,Y,monographic,http://www.flickr.com/photos/britishlibrary/tags/sysnum000142998,British Library HMNTS 12641.ee.5.
351,Graduate,No,8750,4167.0,308.0,360.0,1.0,Rural,N,monographic,http://www.flickr.com/photos/britishlibrary/tags/sysnum000143268,British Library HMNTS 9231.m.3.
352,Graduate,No,2666,2083.0,95.0,360.0,1.0,Rural,Y,monographic,http://www.flickr.com/photos/britishlibrary/tags/sysnum000144509,British Library HMNTS 012621.h.27.
353,Graduate,Yes,5500,0.0,105.0,360.0,0.0,Rural,N,monographic,http://www.flickr.com/photos/britishlibrary/tags/sysnum000144558,British Library HMNTS 012621.h.38.
354,Graduate,No,2423,505.0,130.0,360.0,1.0,Semiurban,Y,monographic,http://www.flickr.com/photos/britishlibrary/tags/sysnum000144597,British Library HMNTS 012624.ee.28.
356,Graduate,No,8333,3167.0,165.0,360.0,1.0,Rural,Y,monographic,http://www.flickr.com/photos/britishlibrary/tags/sysnum000144749,British Library HMNTS 012624.g.5.
357,Graduate,No,3875,0.0,67.0,360.0,1.0,Urban,N,monographic,http://www.flickr.com/photos/britishlibrary/tags/sysnum000147495,British Library HMNTS 10099.k.41.
358,Not Graduate,No,3000,1666.0,100.0,480.0,0.0,Urban,N,monographic,http://www.flickr.com/photos/britishlibrary/tags/sysnum000147555,British Library HMNTS 10492.ee.25.
359,Graduate,No,5167,3167.0,200.0,360.0,1.0,Semiurban,Y,monographic,http://www.flickr.com/photos/britishlibrary/tags/sysnum000147715,British Library HMNTS 1304.k.16.
360,Graduate,No,4723,0.0,81.0,360.0,1.0,Semiurban,N,monographic,http://www.flickr.com/photos/britishlibrary/tags/sysnum000147808,British Library HMNTS 1431.d.16.
361,Graduate,No,5000,3667.0,236.0,360.0,1.0,Semiurban,Y,monographic,http://www.flickr.com/photos/britishlibrary/tags/sysnum000150264,British Library HMNTS 1046.c.9.|British Library OC T 10475|British Library OC V 1788
362,Graduate,No,4750,2333.0,130.0,360.0,1.0,Urban,Y,monographic,http://www.flickr.com/photos/britishlibrary/tags/sysnum000151889,British Library HMNTS 10481.g.16.
364,Graduate,Yes,6822,0.0,141.0,360.0,1.0,Rural,Y,monographic,http://www.flickr.com/photos/britishlibrary/tags/sysnum000151907,British Library HMNTS 10095.e.9.
365,Not Graduate,No,6216,0.0,133.0,360.0,1.0,Rural,N,monographic,http://www.flickr.com/photos/britishlibrary/tags/sysnum000151917,British Library HMNTS 10480.e.9.
366,Graduate,No,2500,0.0,96.0,480.0,1.0,Semiurban,N,monographic,http://www.flickr.com/photos/britishlibrary/tags/sysnum000152291,British Library HMNTS 12627.e.11.
368,Graduate,No,6325,0.0,175.0,360.0,1.0,Semiurban,Y,monographic,http://www.flickr.com/photos/britishlibrary/tags/sysnum000155295,British Library HMNTS 10480.e.4.|British Library HMNTS 1560/2193.
369,Graduate,No,19730,5266.0,570.0,360.0,1.0,Rural,N,monographic,http://www.flickr.com/photos/britishlibrary/tags/sysnum000155304,British Library HMNTS 10480.dd.22.
370,Graduate,Yes,15759,0.0,55.0,360.0,1.0,Semiurban,Y,monographic,http://www.flickr.com/photos/britishlibrary/tags/sysnum000155307,British Library HMNTS 10481.ff.38.
371,Graduate,No,5185,0.0,155.0,360.0,1.0,Semiurban,Y,monographic,http://www.flickr.com/photos/britishlibrary/tags/sysnum000156291,British Library HMNTS 12621.h.2.
372,Graduate,Yes,9323,7873.0,380.0,300.0,1.0,Rural,Y,monographic,http://www.flickr.com/photos/britishlibrary/tags/sysnum000156352,British Library HMNTS 12629.c.1.
373,Graduate,No,3062,1987.0,111.0,180.0,0.0,Urban,N,monographic,http://www.flickr.com/photos/britishlibrary/tags/sysnum000156353,British Library HMNTS 12625.d.1.
375,Graduate,No,4817,923.0,120.0,180.0,1.0,Urban,Y,monographic,http://www.flickr.com/photos/britishlibrary/tags/sysnum000156356,British Library HMNTS 12627.b.1.
376,Graduate,No,8750,4996.0,130.0,360.0,1.0,Rural,Y,monographic,http://www.flickr.com/photos/britishlibrary/tags/sysnum000156358,British Library HMNTS 12624.a.1.
378,Graduate,No,3069,0.0,71.0,480.0,1.0,Urban,N,monographic,http://www.flickr.com/photos/britishlibrary/tags/sysnum000156798,British Library HMNTS 011645.e.17.
379,Graduate,No,5391,0.0,130.0,360.0,1.0,Urban,Y,monographic,http://www.flickr.com/photos/britishlibrary/tags/sysnum000157004,British Library HMNTS 10169.bbb.31.
381,Graduate,No,5941,4232.0,296.0,360.0,1.0,Semiurban,Y,monographic,http://www.flickr.com/photos/britishlibrary/tags/sysnum000157305,British Library HMNTS 11646.h.8.
382,Graduate,No,6000,0.0,156.0,360.0,1.0,Urban,Y,monographic,http://www.flickr.com/photos/britishlibrary/tags/sysnum000157348,British Library HMNTS 11648.f.19.
383,Graduate,Yes,7167,0.0,128.0,360.0,1.0,Urban,Y,monographic,http://www.flickr.com/photos/britishlibrary/tags/sysnum000157349,British Library HMNTS 11648.g.1.
384,Graduate,No,4566,0.0,100.0,360.0,1.0,Urban,N,monographic,http://www.flickr.com/photos/britishlibrary/tags/sysnum000157371,British Library HMNTS 11781.g.54.
386,Not Graduate,No,2346,1600.0,132.0,360.0,1.0,Semiurban,Y,monographic,http://www.flickr.com/photos/britishlibrary/tags/sysnum000157633,British Library HMNTS 011651.i.42.
388,Graduate,No,2333,2417.0,136.0,360.0,1.0,Urban,Y,monographic,http://www.flickr.com/photos/britishlibrary/tags/sysnum000157921,British Library HMNTS 012624.ee.12.
389,Graduate,No,5488,0.0,125.0,360.0,1.0,Rural,Y,monographic,http://www.flickr.com/photos/britishlibrary/tags/sysnum000158052,British Library HMNTS 10028.e.10.
390,Graduate,No,9167,0.0,185.0,360.0,1.0,Rural,Y,monographic,http://www.flickr.com/photos/britishlibrary/tags/sysnum000158107,British Library HMNTS 09315.e.56.
391,Graduate,No,9504,0.0,275.0,360.0,1.0,Rural,Y,monographic,http://www.flickr.com/photos/britishlibrary/tags/sysnum000158296,British Library HMNTS 10470.f.18.
393,Not Graduate,No,1993,1625.0,113.0,180.0,1.0,Semiurban,Y,monographic,http://www.flickr.com/photos/britishlibrary/tags/sysnum000158403,British Library HMNTS 11781.ee.26.
394,Graduate,No,3100,1400.0,113.0,360.0,1.0,Urban,Y,monographic,http://www.flickr.com/photos/britishlibrary/tags/sysnum000158408,British Library HMNTS 11645.g.24.
396,Graduate,No,3180,0.0,71.0,360.0,0.0,Urban,N,monographic,http://www.flickr.com/photos/britishlibrary/tags/sysnum000158480,British Library HMNTS 010352.aaa.23.
397,Graduate,No,3033,1459.0,95.0,360.0,1.0,Urban,Y,monographic,http://www.flickr.com/photos/britishlibrary/tags/sysnum000158712,British Library HMNTS 1131.g.30.
398,Not Graduate,No,3902,1666.0,109.0,360.0,1.0,Rural,Y,monographic,http://www.flickr.com/photos/britishlibrary/tags/sysnum000158754,British Library HMNTS 10106.ee.9.
399,Graduate,No,1500,1800.0,103.0,360.0,0.0,Semiurban,N,monographic,http://www.flickr.com/photos/britishlibrary/tags/sysnum000158952,British Library HMNTS 010358.f.45.
400,Not Graduate,No,2889,0.0,45.0,180.0,0.0,Urban,N,monographic,http://www.flickr.com/photos/britishlibrary/tags/sysnum000159267,British Library HMNTS 11652.k.10.
401,Not Graduate,No,2755,0.0,65.0,300.0,1.0,Rural,N,monographic,http://www.flickr.com/photos/britishlibrary/tags/sysnum000159421,British Library HMNTS 10026.f.7.
402,Graduate,No,2500,20000.0,103.0,360.0,1.0,Semiurban,Y,monographic,http://www.flickr.com/photos/britishlibrary/tags/sysnum000159457,British Library HMNTS 11644.h.9.
403,Not Graduate,No,1963,0.0,53.0,360.0,1.0,Semiurban,Y,monographic,http://www.flickr.com/photos/britishlibrary/tags/sysnum000159509,British Library HMNTS 11645.ff.30.(4.)
404,Graduate,Yes,7441,0.0,194.0,360.0,1.0,Rural,N,monographic,http://www.flickr.com/photos/britishlibrary/tags/sysnum000159541,British Library HMNTS 010077.e.98.
405,Graduate,No,4547,0.0,115.0,360.0,1.0,Semiurban,Y,monographic,http://www.flickr.com/photos/britishlibrary/tags/sysnum000159595,British Library HMNTS 12636.l.4.
406,Not Graduate,No,2167,2400.0,115.0,360.0,1.0,Urban,Y,monographic,http://www.flickr.com/photos/britishlibrary/tags/sysnum000159623,British Library HMNTS 797.h.31.
407,Not Graduate,No,2213,0.0,66.0,360.0,1.0,Rural,Y,monographic,http://www.flickr.com/photos/britishlibrary/tags/sysnum000159628,British Library HMNTS 10097.ccc.16.
408,Graduate,No,8300,0.0,152.0,300.0,0.0,Semiurban,N,monographic,http://www.flickr.com/photos/britishlibrary/tags/sysnum000159640,British Library HMNTS 10024.e.21.
409,Graduate,No,81000,0.0,360.0,360.0,0.0,Rural,N,monographic,http://www.flickr.com/photos/britishlibrary/tags/sysnum000160715,British Library HMNTS 11781.e.38.(10.)
410,Not Graduate,Yes,3867,0.0,62.0,360.0,1.0,Semiurban,N,monographic,http://www.flickr.com/photos/britishlibrary/tags/sysnum000161013,British Library HMNTS 9004.g.24.
412,Not Graduate,No,6096,0.0,218.0,360.0,0.0,Rural,N,monographic,http://www.flickr.com/photos/britishlibrary/tags/sysnum000162141,British Library HMNTS 10260.h.2.
413,Not Graduate,No,2253,2033.0,110.0,360.0,1.0,Rural,Y,monographic,http://www.flickr.com/photos/britishlibrary/tags/sysnum000162530,British Library HMNTS 11781.g.6.(4.)
414,Not Graduate,No,2149,3237.0,178.0,360.0,0.0,Semiurban,N,monographic,http://www.flickr.com/photos/britishlibrary/tags/sysnum000163880,British Library HMNTS 10409.bb.24.
415,Graduate,No,2995,0.0,60.0,360.0,1.0,Urban,Y,monographic,http://www.flickr.com/photos/britishlibrary/tags/sysnum000163920,British Library HMNTS 12270.s.1.
416,Graduate,No,2600,0.0,160.0,360.0,1.0,Urban,N,monographic,http://www.flickr.com/photos/britishlibrary/tags/sysnum000163984,British Library HMNTS 12271.k.6.
417,Graduate,Yes,1600,20000.0,239.0,360.0,1.0,Urban,N,monographic,http://www.flickr.com/photos/britishlibrary/tags/sysnum000164442,British Library HMNTS 722.i.16.
418,Graduate,No,1025,2773.0,112.0,360.0,1.0,Rural,Y,monographic,http://www.flickr.com/photos/britishlibrary/tags/sysnum000164730,British Library HMNTS 10352.l.13.
419,Graduate,No,3246,1417.0,138.0,360.0,1.0,Semiurban,Y,monographic,http://www.flickr.com/photos/britishlibrary/tags/sysnum000164916,British Library HMNTS 10056.ff.13.|British Library OC T 41576
420,Graduate,No,5829,0.0,138.0,360.0,1.0,Rural,Y,monographic,http://www.flickr.com/photos/britishlibrary/tags/sysnum000165752,British Library HMNTS 10230.e.5.
422,Graduate,No,1820,1719.0,100.0,360.0,1.0,Urban,Y,monographic,http://www.flickr.com/photos/britishlibrary/tags/sysnum000166111,British Library HMNTS 9304.g.16.
424,Graduate,No,14880,0.0,96.0,360.0,1.0,Semiurban,Y,monographic,http://www.flickr.com/photos/britishlibrary/tags/sysnum000167719,British Library HMNTS 10006.df.19.
425,Graduate,No,2666,4300.0,121.0,360.0,1.0,Rural,Y,monographic,http://www.flickr.com/photos/britishlibrary/tags/sysnum000168032,British Library HMNTS 010271.ee.13.
426,Not Graduate,No,4606,0.0,81.0,360.0,1.0,Rural,N,monographic,http://www.flickr.com/photos/britishlibrary/tags/sysnum000168576,British Library HMNTS 12271.f.7.
427,Graduate,No,5935,0.0,133.0,360.0,1.0,Semiurban,Y,monographic,http://www.flickr.com/photos/britishlibrary/tags/sysnum000168700,British Library HMNTS 10412.ee.16.
428,Graduate,No,2920,16.12000084,87.0,360.0,1.0,Rural,Y,monographic,http://www.flickr.com/photos/britishlibrary/tags/sysnum000168960,British Library HMNTS 9475.cc.30.
429,Not Graduate,No,2717,0.0,60.0,180.0,1.0,Urban,Y,monographic,http://www.flickr.com/photos/britishlibrary/tags/sysnum000169633,British Library HMNTS 9225.h.33.
430,Graduate,Yes,8624,0.0,150.0,360.0,1.0,Semiurban,Y,monographic,http://www.flickr.com/photos/britishlibrary/tags/sysnum000170138,British Library HMNTS 10058.df.1.|British Library OC T 35799
431,Graduate,No,6500,0.0,105.0,360.0,0.0,Rural,N,monographic,http://www.flickr.com/photos/britishlibrary/tags/sysnum000170506,British Library HMNTS 010358.g.38.
433,Graduate,No,2425,2340.0,143.0,360.0,1.0,Semiurban,Y,monographic,http://www.flickr.com/photos/britishlibrary/tags/sysnum000170591,British Library HMNTS 010057.i.36.|British Library OC V 6608
434,Graduate,No,3750,0.0,100.0,360.0,1.0,Urban,Y,monographic,http://www.flickr.com/photos/britishlibrary/tags/sysnum000171846,British Library HMNTS 10412.ff.19.
436,Graduate,No,1926,1851.0,50.0,360.0,1.0,Semiurban,Y,monographic,http://www.flickr.com/photos/britishlibrary/tags/sysnum000172765,British Library HMNTS 1312.b.15.
438,Graduate,Yes,10416,0.0,187.0,360.0,0.0,Urban,N,monographic,http://www.flickr.com/photos/britishlibrary/tags/sysnum000173477,British Library HMNTS 010351.h.7.|British Library HMNTS Maps1.c.10.|British Library HMNTS 10349.c.6.
439,Not Graduate,Yes,7142,0.0,138.0,360.0,1.0,Rural,Y,monographic,http://www.flickr.com/photos/britishlibrary/tags/sysnum000173479,British Library HMNTS 10368.l.15.
440,Graduate,No,3660,5064.0,187.0,360.0,1.0,Semiurban,Y,monographic,http://www.flickr.com/photos/britishlibrary/tags/sysnum000173480,British Library HMNTS 10368.l.20.
441,Graduate,No,7901,1833.0,180.0,360.0,1.0,Rural,Y,monographic,http://www.flickr.com/photos/britishlibrary/tags/sysnum000173481,British Library HMNTS 10362.c.1.|British Library HMNTS 10353.e.10.
442,Not Graduate,No,4707,1993.0,148.0,360.0,1.0,Semiurban,Y,monographic,http://www.flickr.com/photos/britishlibrary/tags/sysnum000173485,British Library HMNTS 9075.c.1.
443,Graduate,No,37719,0.0,152.0,360.0,1.0,Semiurban,Y,monographic,http://www.flickr.com/photos/britishlibrary/tags/sysnum000173648,British Library HMNTS 010095.ee.38.
445,Graduate,Yes,3466,1210.0,130.0,360.0,1.0,Rural,Y,monographic,http://www.flickr.com/photos/britishlibrary/tags/sysnum000175279,British Library HMNTS 012632.l.41.
446,Not Graduate,No,4652,0.0,110.0,360.0,1.0,Rural,Y,monographic,http://www.flickr.com/photos/britishlibrary/tags/sysnum000175676,British Library HMNTS 10350.de.39.
448,Graduate,No,3340,1710.0,150.0,360.0,0.0,Rural,N,monographic,http://www.flickr.com/photos/britishlibrary/tags/sysnum000176475,British Library HMNTS 12631.l.2.
450,Not Graduate,No,2309,1255.0,125.0,360.0,0.0,Rural,N,monographic,http://www.flickr.com/photos/britishlibrary/tags/sysnum000176547,British Library HMNTS 10095.ee.29.
452,Graduate,No,3948,1733.0,149.0,360.0,0.0,Rural,N,monographic,http://www.flickr.com/photos/britishlibrary/tags/sysnum000176753,British Library HMNTS 9603.f.13.
453,Graduate,No,2483,2466.0,90.0,180.0,0.0,Rural,Y,monographic,http://www.flickr.com/photos/britishlibrary/tags/sysnum000177320,British Library HMNTS 10271.ee.7.
454,Graduate,Yes,7085,0.0,84.0,360.0,1.0,Semiurban,Y,monographic,http://www.flickr.com/photos/britishlibrary/tags/sysnum000178382,British Library HMNTS 010169.g.5.
455,Graduate,No,3859,0.0,96.0,360.0,1.0,Semiurban,Y,monographic,http://www.flickr.com/photos/britishlibrary/tags/sysnum000178478,British Library HMNTS 10215.e.40.
456,Graduate,No,4301,0.0,118.0,360.0,1.0,Urban,Y,monographic,http://www.flickr.com/photos/britishlibrary/tags/sysnum000178629,British Library HMNTS 10160.d.10.
457,Graduate,No,3708,2569.0,173.0,360.0,1.0,Urban,N,monographic,http://www.flickr.com/photos/britishlibrary/tags/sysnum000178656,British Library HMNTS 10004.h.16.
458,Graduate,No,4354,0.0,136.0,360.0,1.0,Rural,Y,monographic,http://www.flickr.com/photos/britishlibrary/tags/sysnum000179003,British Library HMNTS 9605.ff.15.
459,Graduate,No,8334,0.0,160.0,360.0,1.0,Semiurban,N,monographic,http://www.flickr.com/photos/britishlibrary/tags/sysnum000179539,British Library HMNTS 10358.ccc.33
461,Graduate,No,7740,0.0,128.0,180.0,1.0,Urban,Y,monographic,http://www.flickr.com/photos/britishlibrary/tags/sysnum000180894,British Library HMNTS 010095.g.6.
462,Graduate,No,3015,2188.0,153.0,360.0,1.0,Rural,Y,monographic,http://www.flickr.com/photos/britishlibrary/tags/sysnum000181560,British Library HMNTS 600.f.4-7.
464,Graduate,No,4166,0.0,98.0,360.0,0.0,Semiurban,N,monographic,http://www.flickr.com/photos/britishlibrary/tags/sysnum000182354,British Library HMNTS 11781.d.23.(3.)
465,Graduate,No,6000,0.0,140.0,360.0,1.0,Rural,Y,monographic,http://www.flickr.com/photos/britishlibrary/tags/sysnum000182518,British Library HMNTS 10358.e.4.
466,Not Graduate,No,2947,1664.0,70.0,180.0,0.0,Urban,N,monographic,http://www.flickr.com/photos/britishlibrary/tags/sysnum000183574,British Library HMNTS 11651.l.3.
469,Graduate,No,4333,2451.0,110.0,360.0,1.0,Urban,N,monographic,http://www.flickr.com/photos/britishlibrary/tags/sysnum000186311,British Library HMNTS 9220.eee.8.
470,Graduate,Yes,3450,2079.0,162.0,360.0,1.0,Semiurban,Y,monographic,http://www.flickr.com/photos/britishlibrary/tags/sysnum000186463,British Library HMNTS 791.i.9.
471,Not Graduate,No,2653,1500.0,113.0,180.0,0.0,Rural,N,monographic,http://www.flickr.com/photos/britishlibrary/tags/sysnum000186464,British Library HMNTS 10106.df.15.
472,Graduate,No,4691,0.0,100.0,360.0,1.0,Semiurban,Y,monographic,http://www.flickr.com/photos/britishlibrary/tags/sysnum000188382,British Library HMNTS 9772.eee.15.
474,Graduate,No,5532,4648.0,162.0,360.0,1.0,Rural,Y,monographic,http://www.flickr.com/photos/britishlibrary/tags/sysnum000189612,British Library HMNTS 1466.f.2.
475,Graduate,Yes,16525,1014.0,150.0,360.0,1.0,Rural,Y,monographic,http://www.flickr.com/photos/britishlibrary/tags/sysnum000190876,British Library HMNTS 642.h.28.(2.)
476,Graduate,No,6700,1750.0,230.0,300.0,1.0,Semiurban,Y,monographic,http://www.flickr.com/photos/britishlibrary/tags/sysnum000191190,British Library HMNTS 991.i.12.|British Library HMNTS 79.d.18.
478,Graduate,Yes,16667,2250.0,86.0,360.0,1.0,Semiurban,Y,monographic,http://www.flickr.com/photos/britishlibrary/tags/sysnum000191424,British Library HMNTS 10096.bbb.25.
480,Not Graduate,No,4350,0.0,154.0,360.0,1.0,Rural,Y,monographic,http://www.flickr.com/photos/britishlibrary/tags/sysnum000192427,British Library HMNTS 11652.k.69.
481,Not Graduate,No,3095,0.0,113.0,360.0,1.0,Rural,Y,monographic,http://www.flickr.com/photos/britishlibrary/tags/sysnum000192659,British Library HMNTS 11651.g.41.
482,Graduate,No,2083,3150.0,128.0,360.0,1.0,Semiurban,Y,monographic,http://www.flickr.com/photos/britishlibrary/tags/sysnum000193941,British Library HMNTS 12631.n.3.
483,Graduate,No,10833,0.0,234.0,360.0,1.0,Semiurban,Y,monographic,http://www.flickr.com/photos/britishlibrary/tags/sysnum000193942,British Library HMNTS 12640.g.8.
484,Graduate,No,8333,0.0,246.0,360.0,1.0,Semiurban,Y,monographic,http://www.flickr.com/photos/britishlibrary/tags/sysnum000194186,British Library HMNTS 1047.g.2.
485,Not Graduate,No,1958,2436.0,131.0,360.0,1.0,Rural,Y,monographic,http://www.flickr.com/photos/britishlibrary/tags/sysnum000194380,British Library HMNTS 9225.bb.13.
486,Graduate,No,3547,0.0,80.0,360.0,0.0,Rural,N,monographic,http://www.flickr.com/photos/britishlibrary/tags/sysnum000194519,British Library HMNTS 1061.k.9.
487,Graduate,No,18333,0.0,500.0,360.0,1.0,Urban,N,monographic,http://www.flickr.com/photos/britishlibrary/tags/sysnum000194801,British Library HMNTS 9603.d.11.
488,Graduate,Yes,4583,2083.0,160.0,360.0,1.0,Semiurban,Y,monographic,http://www.flickr.com/photos/britishlibrary/tags/sysnum000194807,British Library HMNTS 1447.g.19.
489,Graduate,No,2435,0.0,75.0,360.0,1.0,Urban,N,monographic,http://www.flickr.com/photos/britishlibrary/tags/sysnum000194808,British Library HMNTS 1447.g.21.
492,Not Graduate,No,3691,0.0,110.0,360.0,1.0,Rural,Y,monographic,http://www.flickr.com/photos/britishlibrary/tags/sysnum000198332,British Library HMNTS 10460.dd.8.
493,Not Graduate,Yes,17263,0.0,225.0,360.0,1.0,Semiurban,Y,monographic,http://www.flickr.com/photos/britishlibrary/tags/sysnum000198441,British Library HMNTS 9435.e.8.
494,Graduate,No,3597,2157.0,119.0,360.0,0.0,Rural,N,monographic,http://www.flickr.com/photos/britishlibrary/tags/sysnum000199549,British Library HMNTS 9435.dd.6.
495,Graduate,No,3326,913.0,105.0,84.0,1.0,Semiurban,Y,monographic,http://www.flickr.com/photos/britishlibrary/tags/sysnum000199977,British Library HMNTS 11650.g.1.
496,Not Graduate,No,2600,1700.0,107.0,360.0,1.0,Rural,Y,monographic,http://www.flickr.com/photos/britishlibrary/tags/sysnum000201740,British Library HMNTS 10491.pp.3.
498,Graduate,Yes,2895,0.0,95.0,360.0,1.0,Semiurban,Y,monographic,http://www.flickr.com/photos/britishlibrary/tags/sysnum000203579,British Library HMNTS 1061.g.87.
499,Graduate,No,6283,4416.0,209.0,360.0,0.0,Rural,N,monographic,http://www.flickr.com/photos/britishlibrary/tags/sysnum000203888,British Library HMNTS 9604.cc.2.
500,Graduate,No,645,3683.0,113.0,480.0,1.0,Rural,Y,monographic,http://www.flickr.com/photos/britishlibrary/tags/sysnum000207289,British Library HMNTS 09315.e.5.
501,Graduate,No,3159,0.0,100.0,360.0,1.0,Semiurban,Y,monographic,http://www.flickr.com/photos/britishlibrary/tags/sysnum000207672,British Library HMNTS 11651.h.15.
502,Graduate,No,4865,5624.0,208.0,360.0,1.0,Semiurban,Y,monographic,http://www.flickr.com/photos/britishlibrary/tags/sysnum000209253,British Library HMNTS 9503.ee.19.
504,Not Graduate,No,3814,1483.0,124.0,300.0,1.0,Semiurban,Y,monographic,http://www.flickr.com/photos/britishlibrary/tags/sysnum000209364,British Library HMNTS 11612.c.24.
505,Graduate,No,3510,4416.0,243.0,360.0,1.0,Rural,Y,monographic,http://www.flickr.com/photos/britishlibrary/tags/sysnum000209472,British Library HMNTS 11651.k.23.
508,Graduate,Yes,2479,3013.0,188.0,360.0,1.0,Urban,Y,monographic,http://www.flickr.com/photos/britishlibrary/tags/sysnum000211440,British Library HMNTS 10170.k.4.
509,Graduate,No,13262,0.0,40.0,360.0,1.0,Urban,Y,monographic,http://www.flickr.com/photos/britishlibrary/tags/sysnum000211441,British Library HMNTS 10169.d.4.
510,Not Graduate,No,3598,1287.0,100.0,360.0,1.0,Rural,N,monographic,http://www.flickr.com/photos/britishlibrary/tags/sysnum000211442,British Library HMNTS 010171.h.15.
511,Graduate,No,6065,2004.0,250.0,360.0,1.0,Semiurban,Y,monographic,http://www.flickr.com/photos/britishlibrary/tags/sysnum000211443,British Library HMNTS 010171.g.7.
512,Graduate,No,3283,2035.0,148.0,360.0,1.0,Urban,Y,monographic,http://www.flickr.com/photos/britishlibrary/tags/sysnum000211444,British Library HMNTS 010171.h.31.
513,Graduate,No,2130,6666.0,70.0,180.0,1.0,Semiurban,N,monographic,http://www.flickr.com/photos/britishlibrary/tags/sysnum000212232,British Library HMNTS 10077.d.19.|British Library HMNTS 4430.ee.8.
514,Graduate,No,5815,3666.0,311.0,360.0,1.0,Rural,N,monographic,http://www.flickr.com/photos/britishlibrary/tags/sysnum000212663,British Library HMNTS 10370.f.11.
515,Graduate,No,3466,3428.0,150.0,360.0,1.0,Rural,Y,monographic,http://www.flickr.com/photos/britishlibrary/tags/sysnum000213402,British Library HMNTS 10292.dd.1.
516,Graduate,No,2031,1632.0,113.0,480.0,1.0,Semiurban,Y,monographic,http://www.flickr.com/photos/britishlibrary/tags/sysnum000214807,British Library HMNTS 9026.h.13.
518,Graduate,No,4683,1915.0,185.0,360.0,1.0,Semiurban,N,monographic,http://www.flickr.com/photos/britishlibrary/tags/sysnum000214961,British Library HMNTS 10024.i.1/9.
519,Not Graduate,No,3400,0.0,95.0,360.0,1.0,Rural,N,monographic,http://www.flickr.com/photos/britishlibrary/tags/sysnum000216131,British Library HMNTS 10409.e.3.
520,Not Graduate,No,2192,1742.0,45.0,360.0,1.0,Semiurban,Y,monographic,http://www.flickr.com/photos/britishlibrary/tags/sysnum000216443,British Library HMNTS 1425.k.9.
521,Graduate,No,2500,0.0,55.0,360.0,1.0,Semiurban,Y,monographic,http://www.flickr.com/photos/britishlibrary/tags/sysnum000216451,British Library HMNTS 9602.e.10.
522,Graduate,Yes,5677,1424.0,100.0,360.0,1.0,Rural,Y,monographic,http://www.flickr.com/photos/britishlibrary/tags/sysnum000216452,British Library HMNTS 10076.bb.18.
523,Graduate,Yes,7948,7166.0,480.0,360.0,1.0,Rural,Y,monographic,http://www.flickr.com/photos/britishlibrary/tags/sysnum000217767,British Library HMNTS 9602.cc.1.
525,Graduate,Yes,17500,0.0,400.0,360.0,1.0,Rural,Y,monographic,http://www.flickr.com/photos/britishlibrary/tags/sysnum000218321,British Library HMNTS 010096.e.35.
526,Graduate,No,3775,0.0,110.0,360.0,1.0,Semiurban,Y,monographic,http://www.flickr.com/photos/britishlibrary/tags/sysnum000218780,British Library HMNTS 010095.g.20.
527,Not Graduate,No,5285,1430.0,161.0,360.0,0.0,Semiurban,Y,monographic,http://www.flickr.com/photos/britishlibrary/tags/sysnum000220315,British Library HMNTS 9009.m.9.(3.)
528,Not Graduate,No,2679,1302.0,94.0,360.0,1.0,Semiurban,Y,monographic,http://www.flickr.com/photos/britishlibrary/tags/sysnum000221681,British Library HMNTS 9384.d.2.
529,Not Graduate,No,6783,0.0,130.0,360.0,1.0,Semiurban,Y,monographic,http://www.flickr.com/photos/britishlibrary/tags/sysnum000222069,British Library HMNTS 9225.aaa.15.
531,Graduate,No,4281,0.0,100.0,360.0,1.0,Urban,Y,monographic,http://www.flickr.com/photos/britishlibrary/tags/sysnum000225326,British Library HMNTS 992.b.37.(1.)
532,Graduate,No,3588,0.0,110.0,360.0,0.0,Rural,N,monographic,http://www.flickr.com/photos/britishlibrary/tags/sysnum000226526,British Library HMNTS 10491.dd.10.
534,Not Graduate,Yes,18165,0.0,125.0,360.0,1.0,Urban,Y,monographic,http://www.flickr.com/photos/britishlibrary/tags/sysnum000227094,British Library HMNTS 12641.e.3.
536,Graduate,No,6133,3906.0,324.0,360.0,1.0,Urban,Y,monographic,http://www.flickr.com/photos/britishlibrary/tags/sysnum000227617,British Library HMNTS 10056.bbb.41.
537,Graduate,No,3617,0.0,107.0,360.0,1.0,Semiurban,Y,monographic,http://www.flickr.com/photos/britishlibrary/tags/sysnum000228197,British Library HMNTS 9425.f.3.
538,Not Graduate,No,2917,536.0,66.0,360.0,1.0,Rural,N,monographic,http://www.flickr.com/photos/britishlibrary/tags/sysnum000228393,British Library HMNTS 9231.k.1.
539,Graduate,No,6417,0.0,157.0,180.0,1.0,Rural,Y,monographic,http://www.flickr.com/photos/britishlibrary/tags/sysnum000228519,British Library HMNTS 11779.g.13.
540,Graduate,No,4608,2845.0,140.0,180.0,1.0,Semiurban,Y,monographic,http://www.flickr.com/photos/britishlibrary/tags/sysnum000229856,British Library HMNTS 10173.eee.9.
541,Graduate,No,2138,0.0,99.0,360.0,0.0,Semiurban,N,monographic,http://www.flickr.com/photos/britishlibrary/tags/sysnum000231015,British Library HMNTS 9009.d.19.
543,Not Graduate,No,2239,2524.0,128.0,360.0,1.0,Urban,Y,monographic,http://www.flickr.com/photos/britishlibrary/tags/sysnum000231784,British Library HMNTS 10171.ff.17.
545,Graduate,No,2768,1950.0,155.0,360.0,1.0,Rural,Y,monographic,http://www.flickr.com/photos/britishlibrary/tags/sysnum000234050,British Library HMNTS 10347.ee.22.(7.)
546,Not Graduate,No,3358,0.0,80.0,36.0,1.0,Semiurban,N,monographic,http://www.flickr.com/photos/britishlibrary/tags/sysnum000234507,British Library HMNTS 9555.e.15.
547,Graduate,No,2526,1783.0,145.0,360.0,1.0,Rural,Y,monographic,http://www.flickr.com/photos/britishlibrary/tags/sysnum000234520,British Library HMNTS 1312.d.4.(2.)
548,Graduate,No,5000,0.0,103.0,360.0,0.0,Semiurban,N,monographic,http://www.flickr.com/photos/britishlibrary/tags/sysnum000234941,British Library HMNTS 012639.i.13.
549,Graduate,No,2785,2016.0,110.0,360.0,1.0,Rural,Y,monographic,http://www.flickr.com/photos/britishlibrary/tags/sysnum000235528,British Library HMNTS 10408.f.10.
552,Graduate,No,3333,3250.0,158.0,360.0,1.0,Urban,Y,monographic,http://www.flickr.com/photos/britishlibrary/tags/sysnum000236665,British Library HMNTS 9077.g.21.
553,Not Graduate,No,2454,2333.0,181.0,360.0,0.0,Urban,N,monographic,http://www.flickr.com/photos/britishlibrary/tags/sysnum000237147,British Library HMNTS 010136.df.57.
554,Graduate,No,3593,4266.0,132.0,180.0,0.0,Rural,N,monographic,http://www.flickr.com/photos/britishlibrary/tags/sysnum000237486,British Library HMNTS 12635.bb.4.
555,Graduate,No,5468,1032.0,26.0,360.0,1.0,Semiurban,Y,monographic,http://www.flickr.com/photos/britishlibrary/tags/sysnum000239236,British Library HMNTS 10412.dd.6.
557,Graduate,Yes,10139,0.0,260.0,360.0,1.0,Semiurban,Y,monographic,http://www.flickr.com/photos/britishlibrary/tags/sysnum000239901,British Library HMNTS 11649.f.18.(1.)
558,Graduate,No,3887,2669.0,162.0,360.0,1.0,Semiurban,Y,monographic,http://www.flickr.com/photos/britishlibrary/tags/sysnum000240049,British Library HMNTS 10348.i.3.
559,Graduate,No,4180,2306.0,182.0,360.0,1.0,Semiurban,Y,monographic,http://www.flickr.com/photos/britishlibrary/tags/sysnum000240058,British Library HMNTS 10196.p.4.|British Library HMNTS 563.c.28.; 563.c.29.
560,Not Graduate,No,3675,242.0,108.0,360.0,1.0,Semiurban,Y,monographic,http://www.flickr.com/photos/britishlibrary/tags/sysnum000240652,British Library HMNTS 12625.e.7.
561,Graduate,Yes,19484,0.0,600.0,360.0,1.0,Semiurban,Y,monographic,http://www.flickr.com/photos/britishlibrary/tags/sysnum000240671,British Library HMNTS 10126.d.32.
562,Graduate,No,5923,2054.0,211.0,360.0,1.0,Rural,Y,monographic,http://www.flickr.com/photos/britishlibrary/tags/sysnum000240834,British Library HMNTS 9509.g.9.
563,Not Graduate,Yes,5800,0.0,132.0,360.0,1.0,Semiurban,Y,monographic,http://www.flickr.com/photos/britishlibrary/tags/sysnum000241078,British Library HMNTS 992.i.2.(2.)
564,Graduate,No,8799,0.0,258.0,360.0,0.0,Urban,N,monographic,http://www.flickr.com/photos/britishlibrary/tags/sysnum000241254,British Library HMNTS 1077.i.18.|British Library HMNTS C.117.b.14.
566,Graduate,No,3333,0.0,70.0,360.0,1.0,Urban,Y,monographic,http://www.flickr.com/photos/britishlibrary/tags/sysnum000241337,British Library HMNTS 644.i.63.|British Library HMNTS 83.b.11.(7.)
567,Graduate,No,3400,2500.0,123.0,360.0,0.0,Rural,N,monographic,http://www.flickr.com/photos/britishlibrary/tags/sysnum000241377,British Library HMNTS 643.e.8.(3.)
568,Graduate,No,2378,0.0,9.0,360.0,1.0,Urban,N,monographic,http://www.flickr.com/photos/britishlibrary/tags/sysnum000241411,British Library HMNTS 644.i.17.|British Library HMNTS 81.c.10.(3.)
569,Graduate,No,3166,2064.0,104.0,360.0,0.0,Urban,N,monographic,http://www.flickr.com/photos/britishlibrary/tags/sysnum000241463,British Library HMNTS 11779.h.12.
570,Graduate,No,3417,1750.0,186.0,360.0,1.0,Urban,Y,monographic,http://www.flickr.com/photos/britishlibrary/tags/sysnum000241650,British Library HMNTS 642.l.6.
572,Graduate,No,16666,0.0,275.0,360.0,1.0,Urban,Y,monographic,http://www.flickr.com/photos/britishlibrary/tags/sysnum000242220,British Library HMNTS 644.k.21.(17.)
573,Not Graduate,No,6125,1625.0,187.0,480.0,1.0,Semiurban,N,monographic,http://www.flickr.com/photos/britishlibrary/tags/sysnum000242306,British Library HMNTS 12640.aa.4.
574,Graduate,No,6406,0.0,150.0,360.0,1.0,Semiurban,N,monographic,http://www.flickr.com/photos/britishlibrary/tags/sysnum000242492,British Library HMNTS 10027.bb.23.
575,Graduate,No,3159,461.0,108.0,84.0,1.0,Urban,Y,monographic,http://www.flickr.com/photos/britishlibrary/tags/sysnum000243314,British Library HMNTS 6055.cc.16.
577,Graduate,No,3229,2739.0,110.0,360.0,1.0,Urban,Y,monographic,http://www.flickr.com/photos/britishlibrary/tags/sysnum000244066,British Library HMNTS 10106.i.32.
578,Graduate,No,1782,2232.0,107.0,360.0,1.0,Rural,Y,monographic,http://www.flickr.com/photos/britishlibrary/tags/sysnum000244562,British Library HMNTS 9425.cc.6.
580,Graduate,No,6540,0.0,205.0,360.0,1.0,Semiurban,Y,monographic,http://www.flickr.com/photos/britishlibrary/tags/sysnum000245743,British Library HMNTS 9007.d.15.
581,Graduate,No,1836,33837.0,90.0,360.0,1.0,Urban,N,monographic,http://www.flickr.com/photos/britishlibrary/tags/sysnum000246176,British Library HMNTS 12273.c.4.
582,Graduate,No,3166,0.0,36.0,360.0,1.0,Semiurban,Y,monographic,http://www.flickr.com/photos/britishlibrary/tags/sysnum000246545,British Library HMNTS 10260.ff.2.
584,Graduate,No,2787,1917.0,146.0,360.0,0.0,Rural,N,monographic,http://www.flickr.com/photos/britishlibrary/tags/sysnum000246641,British Library HMNTS 09506.i.39.
585,Graduate,No,4283,3000.0,172.0,84.0,1.0,Rural,N,monographic,http://www.flickr.com/photos/britishlibrary/tags/sysnum000247776,British Library HMNTS 10352.bbb.29.
586,Graduate,No,2297,1522.0,104.0,360.0,1.0,Urban,Y,monographic,http://www.flickr.com/photos/britishlibrary/tags/sysnum000249060,British Library HMNTS 793.f.25.|British Library HMNTS 1298.c.13.
587,Not Graduate,No,2165,0.0,70.0,360.0,1.0,Semiurban,Y,monographic,http://www.flickr.com/photos/britishlibrary/tags/sysnum000249323,British Library HMNTS 1424.h.1.|British Library OC ORW.1986.a.3077
589,Graduate,Yes,2726,0.0,106.0,360.0,0.0,Semiurban,N,monographic,http://www.flickr.com/photos/britishlibrary/tags/sysnum000250874,British Library HMNTS 11601.i.5.|British Library HMNTS 11601.i.6.
590,Graduate,No,3000,3416.0,56.0,180.0,1.0,Semiurban,Y,monographic,http://www.flickr.com/photos/britishlibrary/tags/sysnum000251355,British Library HMNTS 10409.e.11.
591,Graduate,Yes,6000,0.0,205.0,240.0,1.0,Semiurban,N,monographic,http://www.flickr.com/photos/britishlibrary/tags/sysnum000251438,British Library HMNTS 12625.bb.1.
593,Graduate,No,3859,3300.0,142.0,180.0,1.0,Rural,Y,monographic,http://www.flickr.com/photos/britishlibrary/tags/sysnum000252085,British Library HMNTS 10250.g.18.
594,Graduate,Yes,16120,0.0,260.0,360.0,1.0,Urban,Y,monographic,http://www.flickr.com/photos/britishlibrary/tags/sysnum000252228,British Library HMNTS 644.g.18.
595,Not Graduate,No,3833,0.0,110.0,360.0,1.0,Rural,Y,monographic,http://www.flickr.com/photos/britishlibrary/tags/sysnum000252232,British Library HMNTS 644.g.19.
596,Not Graduate,Yes,6383,1000.0,187.0,360.0,1.0,Rural,N,monographic,http://www.flickr.com/photos/britishlibrary/tags/sysnum000252592,British Library HMNTS 10260.d.32.
598,Graduate,Yes,9963,0.0,180.0,360.0,1.0,Rural,Y,monographic,http://www.flickr.com/photos/britishlibrary/tags/sysnum000253062,British Library HMNTS 9414.bbb.28.
599,Graduate,No,5780,0.0,192.0,360.0,1.0,Urban,Y,monographic,http://www.flickr.com/photos/britishlibrary/tags/sysnum000253737,British Library HMNTS 10077.g.2.
602,Graduate,No,5703,0.0,128.0,360.0,1.0,Urban,Y,monographic,http://www.flickr.com/photos/britishlibrary/tags/sysnum000253756,British Library HMNTS 717.m.19.(111.)|British Library HMNTS 10025.d.23.(6.)
603,Graduate,No,3676,4301.0,172.0,360.0,1.0,Rural,Y,monographic,http://www.flickr.com/photos/britishlibrary/tags/sysnum000253762,British Library HMNTS 10025.d.23.(2.)|British Library HMNTS 10076.d.14.
604,Graduate,No,12000,0.0,496.0,360.0,1.0,Semiurban,Y,monographic,http://www.flickr.com/photos/britishlibrary/tags/sysnum000253772,British Library HMNTS 10095.d.17.
606,Graduate,No,3400,2500.0,173.0,360.0,1.0,Semiurban,Y,monographic,http://www.flickr.com/photos/britishlibrary/tags/sysnum000254657,"British Library HMNTS 1426.k.10,11."
607,Not Graduate,No,3987,1411.0,157.0,360.0,1.0,Rural,Y,monographic,http://www.flickr.com/photos/britishlibrary/tags/sysnum000255454,British Library HMNTS 10390.d.3.|British Library HMNTS G.4585.
608,Graduate,No,3232,1950.0,108.0,360.0,1.0,Rural,Y,monographic,http://www.flickr.com/photos/britishlibrary/tags/sysnum000258573,British Library HMNTS 1447.f.17.
609,Graduate,No,2900,0.0,71.0,360.0,1.0,Rural,Y,monographic,http://www.flickr.com/photos/britishlibrary/tags/sysnum000259210,British Library HMNTS 010096.m.9.
610,Graduate,No,4106,0.0,40.0,180.0,1.0,Rural,Y,monographic,http://www.flickr.com/photos/britishlibrary/tags/sysnum000259340,British Library HMNTS 12271.bb.8.
611,Graduate,No,8072,240.0,253.0,360.0,1.0,Urban,Y,monographic,http://www.flickr.com/photos/britishlibrary/tags/sysnum000259557,British Library HMNTS 1304.k.19.
612,Graduate,No,7583,0.0,187.0,360.0,1.0,Urban,Y,monographic,http://www.flickr.com/photos/britishlibrary/tags/sysnum000259933,British Library HMNTS 011651.k.28.
613,Graduate,Yes,4583,0.0,133.0,360.0,0.0,Semiurban,N,monographic,http://www.flickr.com/photos/britishlibrary/tags/sysnum000260554,British Library HMNTS 12624.aa.12.
